filename,filepath,emotion_code,emotion,intensity,statement,repetition,actor,gender
03-01-01-01-01-01-01.wav,..\data\raw\RAVDESS\Actor_01\03-01-01-01-01-01-01.wav,01,Neutral,Normal,Kids are talking by the door,1,1,Male
03-01-01-01-01-02-01.wav,..\data\raw\RAVDESS\Actor_01\03-01-01-01-01-02-01.wav,01,Neutral,Normal,Kids are talking by the door,2,1,Male
03-01-01-01-02-01-01.wav,..\data\raw\RAVDESS\Actor_01\03-01-01-01-02-01-01.wav,01,Neutral,Normal,Dogs are sitting by the door,1,1,Male
03-01-01-01-02-02-01.wav,..\data\raw\RAVDESS\Actor_01\03-01-01-01-02-02-01.wav,01,Neutral,Normal,Dogs are sitting by the door,2,1,Male
03-01-02-01-01-01-01.wav,..\data\raw\RAVDESS\Actor_01\03-01-02-01-01-01-01.wav,02,Calm,Normal,Kids are talking by the door,1,1,Male
03-01-02-01-01-02-01.wav,..\data\raw\RAVDESS\Actor_01\03-01-02-01-01-02-01.wav,02,Calm,Normal,Kids are talking by the door,2,1,Male
03-01-02-01-02-01-01.wav,..\data\raw\RAVDESS\Actor_01\03-01-02-01-02-01-01.wav,02,Calm,Normal,Dogs are sitting by the door,1,1,Male
03-01-02-01-02-02-01.wav,..\data\raw\RAVDESS\Actor_01\03-01-02-01-02-02-01.wav,02,Calm,Normal,Dogs are sitting by the door,2,1,Male
03-01-02-02-01-01-01.wav,..\data\raw\RAVDESS\Actor_01\03-01-02-02-01-01-01.wav,02,Calm,Strong,Kids are talking by the door,1,1,Male
03-01-02-02-01-02-01.wav,..\data\raw\RAVDESS\Actor_01\03-01-02-02-01-02-01.wav,02,Calm,Strong,Kids are talking by the door,2,1,Male
03-01-02-02-02-01-01.wav,..\data\raw\RAVDESS\Actor_01\03-01-02-02-02-01-01.wav,02,Calm,Strong,Dogs are sitting by the door,1,1,Male
03-01-02-02-02-02-01.wav,..\data\raw\RAVDESS\Actor_01\03-01-02-02-02-02-01.wav,02,Calm,Strong,Dogs are sitting by the door,2,1,Male
03-01-03-01-01-01-01.wav,..\data\raw\RAVDESS\Actor_01\03-01-03-01-01-01-01.wav,03,Happy,Normal,Kids are talking by the door,1,1,Male
03-01-03-01-01-02-01.wav,..\data\raw\RAVDESS\Actor_01\03-01-03-01-01-02-01.wav,03,Happy,Normal,Kids are talking by the door,2,1,Male
03-01-03-01-02-01-01.wav,..\data\raw\RAVDESS\Actor_01\03-01-03-01-02-01-01.wav,03,Happy,Normal,Dogs are sitting by the door,1,1,Male
03-01-03-01-02-02-01.wav,..\data\raw\RAVDESS\Actor_01\03-01-03-01-02-02-01.wav,03,Happy,Normal,Dogs are sitting by the door,2,1,Male
03-01-03-02-01-01-01.wav,..\data\raw\RAVDESS\Actor_01\03-01-03-02-01-01-01.wav,03,Happy,Strong,Kids are talking by the door,1,1,Male
03-01-03-02-01-02-01.wav,..\data\raw\RAVDESS\Actor_01\03-01-03-02-01-02-01.wav,03,Happy,Strong,Kids are talking by the door,2,1,Male
03-01-03-02-02-01-01.wav,..\data\raw\RAVDESS\Actor_01\03-01-03-02-02-01-01.wav,03,Happy,Strong,Dogs are sitting by the door,1,1,Male
03-01-03-02-02-02-01.wav,..\data\raw\RAVDESS\Actor_01\03-01-03-02-02-02-01.wav,03,Happy,Strong,Dogs are sitting by the door,2,1,Male
03-01-04-01-01-01-01.wav,..\data\raw\RAVDESS\Actor_01\03-01-04-01-01-01-01.wav,04,Sad,Normal,Kids are talking by the door,1,1,Male
03-01-04-01-01-02-01.wav,..\data\raw\RAVDESS\Actor_01\03-01-04-01-01-02-01.wav,04,Sad,Normal,Kids are talking by the door,2,1,Male
03-01-04-01-02-01-01.wav,..\data\raw\RAVDESS\Actor_01\03-01-04-01-02-01-01.wav,04,Sad,Normal,Dogs are sitting by the door,1,1,Male
03-01-04-01-02-02-01.wav,..\data\raw\RAVDESS\Actor_01\03-01-04-01-02-02-01.wav,04,Sad,Normal,Dogs are sitting by the door,2,1,Male
03-01-04-02-01-01-01.wav,..\data\raw\RAVDESS\Actor_01\03-01-04-02-01-01-01.wav,04,Sad,Strong,Kids are talking by the door,1,1,Male
03-01-04-02-01-02-01.wav,..\data\raw\RAVDESS\Actor_01\03-01-04-02-01-02-01.wav,04,Sad,Strong,Kids are talking by the door,2,1,Male
03-01-04-02-02-01-01.wav,..\data\raw\RAVDESS\Actor_01\03-01-04-02-02-01-01.wav,04,Sad,Strong,Dogs are sitting by the door,1,1,Male
03-01-04-02-02-02-01.wav,..\data\raw\RAVDESS\Actor_01\03-01-04-02-02-02-01.wav,04,Sad,Strong,Dogs are sitting by the door,2,1,Male
03-01-05-01-01-01-01.wav,..\data\raw\RAVDESS\Actor_01\03-01-05-01-01-01-01.wav,05,Angry,Normal,Kids are talking by the door,1,1,Male
03-01-05-01-01-02-01.wav,..\data\raw\RAVDESS\Actor_01\03-01-05-01-01-02-01.wav,05,Angry,Normal,Kids are talking by the door,2,1,Male
03-01-05-01-02-01-01.wav,..\data\raw\RAVDESS\Actor_01\03-01-05-01-02-01-01.wav,05,Angry,Normal,Dogs are sitting by the door,1,1,Male
03-01-05-01-02-02-01.wav,..\data\raw\RAVDESS\Actor_01\03-01-05-01-02-02-01.wav,05,Angry,Normal,Dogs are sitting by the door,2,1,Male
03-01-05-02-01-01-01.wav,..\data\raw\RAVDESS\Actor_01\03-01-05-02-01-01-01.wav,05,Angry,Strong,Kids are talking by the door,1,1,Male
03-01-05-02-01-02-01.wav,..\data\raw\RAVDESS\Actor_01\03-01-05-02-01-02-01.wav,05,Angry,Strong,Kids are talking by the door,2,1,Male
03-01-05-02-02-01-01.wav,..\data\raw\RAVDESS\Actor_01\03-01-05-02-02-01-01.wav,05,Angry,Strong,Dogs are sitting by the door,1,1,Male
03-01-05-02-02-02-01.wav,..\data\raw\RAVDESS\Actor_01\03-01-05-02-02-02-01.wav,05,Angry,Strong,Dogs are sitting by the door,2,1,Male
03-01-06-01-01-01-01.wav,..\data\raw\RAVDESS\Actor_01\03-01-06-01-01-01-01.wav,06,Fearful,Normal,Kids are talking by the door,1,1,Male
03-01-06-01-01-02-01.wav,..\data\raw\RAVDESS\Actor_01\03-01-06-01-01-02-01.wav,06,Fearful,Normal,Kids are talking by the door,2,1,Male
03-01-06-01-02-01-01.wav,..\data\raw\RAVDESS\Actor_01\03-01-06-01-02-01-01.wav,06,Fearful,Normal,Dogs are sitting by the door,1,1,Male
03-01-06-01-02-02-01.wav,..\data\raw\RAVDESS\Actor_01\03-01-06-01-02-02-01.wav,06,Fearful,Normal,Dogs are sitting by the door,2,1,Male
03-01-06-02-01-01-01.wav,..\data\raw\RAVDESS\Actor_01\03-01-06-02-01-01-01.wav,06,Fearful,Strong,Kids are talking by the door,1,1,Male
03-01-06-02-01-02-01.wav,..\data\raw\RAVDESS\Actor_01\03-01-06-02-01-02-01.wav,06,Fearful,Strong,Kids are talking by the door,2,1,Male
03-01-06-02-02-01-01.wav,..\data\raw\RAVDESS\Actor_01\03-01-06-02-02-01-01.wav,06,Fearful,Strong,Dogs are sitting by the door,1,1,Male
03-01-06-02-02-02-01.wav,..\data\raw\RAVDESS\Actor_01\03-01-06-02-02-02-01.wav,06,Fearful,Strong,Dogs are sitting by the door,2,1,Male
03-01-07-01-01-01-01.wav,..\data\raw\RAVDESS\Actor_01\03-01-07-01-01-01-01.wav,07,Disgust,Normal,Kids are talking by the door,1,1,Male
03-01-07-01-01-02-01.wav,..\data\raw\RAVDESS\Actor_01\03-01-07-01-01-02-01.wav,07,Disgust,Normal,Kids are talking by the door,2,1,Male
03-01-07-01-02-01-01.wav,..\data\raw\RAVDESS\Actor_01\03-01-07-01-02-01-01.wav,07,Disgust,Normal,Dogs are sitting by the door,1,1,Male
03-01-07-01-02-02-01.wav,..\data\raw\RAVDESS\Actor_01\03-01-07-01-02-02-01.wav,07,Disgust,Normal,Dogs are sitting by the door,2,1,Male
03-01-07-02-01-01-01.wav,..\data\raw\RAVDESS\Actor_01\03-01-07-02-01-01-01.wav,07,Disgust,Strong,Kids are talking by the door,1,1,Male
03-01-07-02-01-02-01.wav,..\data\raw\RAVDESS\Actor_01\03-01-07-02-01-02-01.wav,07,Disgust,Strong,Kids are talking by the door,2,1,Male
03-01-07-02-02-01-01.wav,..\data\raw\RAVDESS\Actor_01\03-01-07-02-02-01-01.wav,07,Disgust,Strong,Dogs are sitting by the door,1,1,Male
03-01-07-02-02-02-01.wav,..\data\raw\RAVDESS\Actor_01\03-01-07-02-02-02-01.wav,07,Disgust,Strong,Dogs are sitting by the door,2,1,Male
03-01-08-01-01-01-01.wav,..\data\raw\RAVDESS\Actor_01\03-01-08-01-01-01-01.wav,08,Surprised,Normal,Kids are talking by the door,1,1,Male
03-01-08-01-01-02-01.wav,..\data\raw\RAVDESS\Actor_01\03-01-08-01-01-02-01.wav,08,Surprised,Normal,Kids are talking by the door,2,1,Male
03-01-08-01-02-01-01.wav,..\data\raw\RAVDESS\Actor_01\03-01-08-01-02-01-01.wav,08,Surprised,Normal,Dogs are sitting by the door,1,1,Male
03-01-08-01-02-02-01.wav,..\data\raw\RAVDESS\Actor_01\03-01-08-01-02-02-01.wav,08,Surprised,Normal,Dogs are sitting by the door,2,1,Male
03-01-08-02-01-01-01.wav,..\data\raw\RAVDESS\Actor_01\03-01-08-02-01-01-01.wav,08,Surprised,Strong,Kids are talking by the door,1,1,Male
03-01-08-02-01-02-01.wav,..\data\raw\RAVDESS\Actor_01\03-01-08-02-01-02-01.wav,08,Surprised,Strong,Kids are talking by the door,2,1,Male
03-01-08-02-02-01-01.wav,..\data\raw\RAVDESS\Actor_01\03-01-08-02-02-01-01.wav,08,Surprised,Strong,Dogs are sitting by the door,1,1,Male
03-01-08-02-02-02-01.wav,..\data\raw\RAVDESS\Actor_01\03-01-08-02-02-02-01.wav,08,Surprised,Strong,Dogs are sitting by the door,2,1,Male
03-01-01-01-01-01-02.wav,..\data\raw\RAVDESS\Actor_02\03-01-01-01-01-01-02.wav,01,Neutral,Normal,Kids are talking by the door,1,2,Female
03-01-01-01-01-02-02.wav,..\data\raw\RAVDESS\Actor_02\03-01-01-01-01-02-02.wav,01,Neutral,Normal,Kids are talking by the door,2,2,Female
03-01-01-01-02-01-02.wav,..\data\raw\RAVDESS\Actor_02\03-01-01-01-02-01-02.wav,01,Neutral,Normal,Dogs are sitting by the door,1,2,Female
03-01-01-01-02-02-02.wav,..\data\raw\RAVDESS\Actor_02\03-01-01-01-02-02-02.wav,01,Neutral,Normal,Dogs are sitting by the door,2,2,Female
03-01-02-01-01-01-02.wav,..\data\raw\RAVDESS\Actor_02\03-01-02-01-01-01-02.wav,02,Calm,Normal,Kids are talking by the door,1,2,Female
03-01-02-01-01-02-02.wav,..\data\raw\RAVDESS\Actor_02\03-01-02-01-01-02-02.wav,02,Calm,Normal,Kids are talking by the door,2,2,Female
03-01-02-01-02-01-02.wav,..\data\raw\RAVDESS\Actor_02\03-01-02-01-02-01-02.wav,02,Calm,Normal,Dogs are sitting by the door,1,2,Female
03-01-02-01-02-02-02.wav,..\data\raw\RAVDESS\Actor_02\03-01-02-01-02-02-02.wav,02,Calm,Normal,Dogs are sitting by the door,2,2,Female
03-01-02-02-01-01-02.wav,..\data\raw\RAVDESS\Actor_02\03-01-02-02-01-01-02.wav,02,Calm,Strong,Kids are talking by the door,1,2,Female
03-01-02-02-01-02-02.wav,..\data\raw\RAVDESS\Actor_02\03-01-02-02-01-02-02.wav,02,Calm,Strong,Kids are talking by the door,2,2,Female
03-01-02-02-02-01-02.wav,..\data\raw\RAVDESS\Actor_02\03-01-02-02-02-01-02.wav,02,Calm,Strong,Dogs are sitting by the door,1,2,Female
03-01-02-02-02-02-02.wav,..\data\raw\RAVDESS\Actor_02\03-01-02-02-02-02-02.wav,02,Calm,Strong,Dogs are sitting by the door,2,2,Female
03-01-03-01-01-01-02.wav,..\data\raw\RAVDESS\Actor_02\03-01-03-01-01-01-02.wav,03,Happy,Normal,Kids are talking by the door,1,2,Female
03-01-03-01-01-02-02.wav,..\data\raw\RAVDESS\Actor_02\03-01-03-01-01-02-02.wav,03,Happy,Normal,Kids are talking by the door,2,2,Female
03-01-03-01-02-01-02.wav,..\data\raw\RAVDESS\Actor_02\03-01-03-01-02-01-02.wav,03,Happy,Normal,Dogs are sitting by the door,1,2,Female
03-01-03-01-02-02-02.wav,..\data\raw\RAVDESS\Actor_02\03-01-03-01-02-02-02.wav,03,Happy,Normal,Dogs are sitting by the door,2,2,Female
03-01-03-02-01-01-02.wav,..\data\raw\RAVDESS\Actor_02\03-01-03-02-01-01-02.wav,03,Happy,Strong,Kids are talking by the door,1,2,Female
03-01-03-02-01-02-02.wav,..\data\raw\RAVDESS\Actor_02\03-01-03-02-01-02-02.wav,03,Happy,Strong,Kids are talking by the door,2,2,Female
03-01-03-02-02-01-02.wav,..\data\raw\RAVDESS\Actor_02\03-01-03-02-02-01-02.wav,03,Happy,Strong,Dogs are sitting by the door,1,2,Female
03-01-03-02-02-02-02.wav,..\data\raw\RAVDESS\Actor_02\03-01-03-02-02-02-02.wav,03,Happy,Strong,Dogs are sitting by the door,2,2,Female
03-01-04-01-01-01-02.wav,..\data\raw\RAVDESS\Actor_02\03-01-04-01-01-01-02.wav,04,Sad,Normal,Kids are talking by the door,1,2,Female
03-01-04-01-01-02-02.wav,..\data\raw\RAVDESS\Actor_02\03-01-04-01-01-02-02.wav,04,Sad,Normal,Kids are talking by the door,2,2,Female
03-01-04-01-02-01-02.wav,..\data\raw\RAVDESS\Actor_02\03-01-04-01-02-01-02.wav,04,Sad,Normal,Dogs are sitting by the door,1,2,Female
03-01-04-01-02-02-02.wav,..\data\raw\RAVDESS\Actor_02\03-01-04-01-02-02-02.wav,04,Sad,Normal,Dogs are sitting by the door,2,2,Female
03-01-04-02-01-01-02.wav,..\data\raw\RAVDESS\Actor_02\03-01-04-02-01-01-02.wav,04,Sad,Strong,Kids are talking by the door,1,2,Female
03-01-04-02-01-02-02.wav,..\data\raw\RAVDESS\Actor_02\03-01-04-02-01-02-02.wav,04,Sad,Strong,Kids are talking by the door,2,2,Female
03-01-04-02-02-01-02.wav,..\data\raw\RAVDESS\Actor_02\03-01-04-02-02-01-02.wav,04,Sad,Strong,Dogs are sitting by the door,1,2,Female
03-01-04-02-02-02-02.wav,..\data\raw\RAVDESS\Actor_02\03-01-04-02-02-02-02.wav,04,Sad,Strong,Dogs are sitting by the door,2,2,Female
03-01-05-01-01-01-02.wav,..\data\raw\RAVDESS\Actor_02\03-01-05-01-01-01-02.wav,05,Angry,Normal,Kids are talking by the door,1,2,Female
03-01-05-01-01-02-02.wav,..\data\raw\RAVDESS\Actor_02\03-01-05-01-01-02-02.wav,05,Angry,Normal,Kids are talking by the door,2,2,Female
03-01-05-01-02-01-02.wav,..\data\raw\RAVDESS\Actor_02\03-01-05-01-02-01-02.wav,05,Angry,Normal,Dogs are sitting by the door,1,2,Female
03-01-05-01-02-02-02.wav,..\data\raw\RAVDESS\Actor_02\03-01-05-01-02-02-02.wav,05,Angry,Normal,Dogs are sitting by the door,2,2,Female
03-01-05-02-01-01-02.wav,..\data\raw\RAVDESS\Actor_02\03-01-05-02-01-01-02.wav,05,Angry,Strong,Kids are talking by the door,1,2,Female
03-01-05-02-01-02-02.wav,..\data\raw\RAVDESS\Actor_02\03-01-05-02-01-02-02.wav,05,Angry,Strong,Kids are talking by the door,2,2,Female
03-01-05-02-02-01-02.wav,..\data\raw\RAVDESS\Actor_02\03-01-05-02-02-01-02.wav,05,Angry,Strong,Dogs are sitting by the door,1,2,Female
03-01-05-02-02-02-02.wav,..\data\raw\RAVDESS\Actor_02\03-01-05-02-02-02-02.wav,05,Angry,Strong,Dogs are sitting by the door,2,2,Female
03-01-06-01-01-01-02.wav,..\data\raw\RAVDESS\Actor_02\03-01-06-01-01-01-02.wav,06,Fearful,Normal,Kids are talking by the door,1,2,Female
03-01-06-01-01-02-02.wav,..\data\raw\RAVDESS\Actor_02\03-01-06-01-01-02-02.wav,06,Fearful,Normal,Kids are talking by the door,2,2,Female
03-01-06-01-02-01-02.wav,..\data\raw\RAVDESS\Actor_02\03-01-06-01-02-01-02.wav,06,Fearful,Normal,Dogs are sitting by the door,1,2,Female
03-01-06-01-02-02-02.wav,..\data\raw\RAVDESS\Actor_02\03-01-06-01-02-02-02.wav,06,Fearful,Normal,Dogs are sitting by the door,2,2,Female
03-01-06-02-01-01-02.wav,..\data\raw\RAVDESS\Actor_02\03-01-06-02-01-01-02.wav,06,Fearful,Strong,Kids are talking by the door,1,2,Female
03-01-06-02-01-02-02.wav,..\data\raw\RAVDESS\Actor_02\03-01-06-02-01-02-02.wav,06,Fearful,Strong,Kids are talking by the door,2,2,Female
03-01-06-02-02-01-02.wav,..\data\raw\RAVDESS\Actor_02\03-01-06-02-02-01-02.wav,06,Fearful,Strong,Dogs are sitting by the door,1,2,Female
03-01-06-02-02-02-02.wav,..\data\raw\RAVDESS\Actor_02\03-01-06-02-02-02-02.wav,06,Fearful,Strong,Dogs are sitting by the door,2,2,Female
03-01-07-01-01-01-02.wav,..\data\raw\RAVDESS\Actor_02\03-01-07-01-01-01-02.wav,07,Disgust,Normal,Kids are talking by the door,1,2,Female
03-01-07-01-01-02-02.wav,..\data\raw\RAVDESS\Actor_02\03-01-07-01-01-02-02.wav,07,Disgust,Normal,Kids are talking by the door,2,2,Female
03-01-07-01-02-01-02.wav,..\data\raw\RAVDESS\Actor_02\03-01-07-01-02-01-02.wav,07,Disgust,Normal,Dogs are sitting by the door,1,2,Female
03-01-07-01-02-02-02.wav,..\data\raw\RAVDESS\Actor_02\03-01-07-01-02-02-02.wav,07,Disgust,Normal,Dogs are sitting by the door,2,2,Female
03-01-07-02-01-01-02.wav,..\data\raw\RAVDESS\Actor_02\03-01-07-02-01-01-02.wav,07,Disgust,Strong,Kids are talking by the door,1,2,Female
03-01-07-02-01-02-02.wav,..\data\raw\RAVDESS\Actor_02\03-01-07-02-01-02-02.wav,07,Disgust,Strong,Kids are talking by the door,2,2,Female
03-01-07-02-02-01-02.wav,..\data\raw\RAVDESS\Actor_02\03-01-07-02-02-01-02.wav,07,Disgust,Strong,Dogs are sitting by the door,1,2,Female
03-01-07-02-02-02-02.wav,..\data\raw\RAVDESS\Actor_02\03-01-07-02-02-02-02.wav,07,Disgust,Strong,Dogs are sitting by the door,2,2,Female
03-01-08-01-01-01-02.wav,..\data\raw\RAVDESS\Actor_02\03-01-08-01-01-01-02.wav,08,Surprised,Normal,Kids are talking by the door,1,2,Female
03-01-08-01-01-02-02.wav,..\data\raw\RAVDESS\Actor_02\03-01-08-01-01-02-02.wav,08,Surprised,Normal,Kids are talking by the door,2,2,Female
03-01-08-01-02-01-02.wav,..\data\raw\RAVDESS\Actor_02\03-01-08-01-02-01-02.wav,08,Surprised,Normal,Dogs are sitting by the door,1,2,Female
03-01-08-01-02-02-02.wav,..\data\raw\RAVDESS\Actor_02\03-01-08-01-02-02-02.wav,08,Surprised,Normal,Dogs are sitting by the door,2,2,Female
03-01-08-02-01-01-02.wav,..\data\raw\RAVDESS\Actor_02\03-01-08-02-01-01-02.wav,08,Surprised,Strong,Kids are talking by the door,1,2,Female
03-01-08-02-01-02-02.wav,..\data\raw\RAVDESS\Actor_02\03-01-08-02-01-02-02.wav,08,Surprised,Strong,Kids are talking by the door,2,2,Female
03-01-08-02-02-01-02.wav,..\data\raw\RAVDESS\Actor_02\03-01-08-02-02-01-02.wav,08,Surprised,Strong,Dogs are sitting by the door,1,2,Female
03-01-08-02-02-02-02.wav,..\data\raw\RAVDESS\Actor_02\03-01-08-02-02-02-02.wav,08,Surprised,Strong,Dogs are sitting by the door,2,2,Female
03-01-01-01-01-01-03.wav,..\data\raw\RAVDESS\Actor_03\03-01-01-01-01-01-03.wav,01,Neutral,Normal,Kids are talking by the door,1,3,Male
03-01-01-01-01-02-03.wav,..\data\raw\RAVDESS\Actor_03\03-01-01-01-01-02-03.wav,01,Neutral,Normal,Kids are talking by the door,2,3,Male
03-01-01-01-02-01-03.wav,..\data\raw\RAVDESS\Actor_03\03-01-01-01-02-01-03.wav,01,Neutral,Normal,Dogs are sitting by the door,1,3,Male
03-01-01-01-02-02-03.wav,..\data\raw\RAVDESS\Actor_03\03-01-01-01-02-02-03.wav,01,Neutral,Normal,Dogs are sitting by the door,2,3,Male
03-01-02-01-01-01-03.wav,..\data\raw\RAVDESS\Actor_03\03-01-02-01-01-01-03.wav,02,Calm,Normal,Kids are talking by the door,1,3,Male
03-01-02-01-01-02-03.wav,..\data\raw\RAVDESS\Actor_03\03-01-02-01-01-02-03.wav,02,Calm,Normal,Kids are talking by the door,2,3,Male
03-01-02-01-02-01-03.wav,..\data\raw\RAVDESS\Actor_03\03-01-02-01-02-01-03.wav,02,Calm,Normal,Dogs are sitting by the door,1,3,Male
03-01-02-01-02-02-03.wav,..\data\raw\RAVDESS\Actor_03\03-01-02-01-02-02-03.wav,02,Calm,Normal,Dogs are sitting by the door,2,3,Male
03-01-02-02-01-01-03.wav,..\data\raw\RAVDESS\Actor_03\03-01-02-02-01-01-03.wav,02,Calm,Strong,Kids are talking by the door,1,3,Male
03-01-02-02-01-02-03.wav,..\data\raw\RAVDESS\Actor_03\03-01-02-02-01-02-03.wav,02,Calm,Strong,Kids are talking by the door,2,3,Male
03-01-02-02-02-01-03.wav,..\data\raw\RAVDESS\Actor_03\03-01-02-02-02-01-03.wav,02,Calm,Strong,Dogs are sitting by the door,1,3,Male
03-01-02-02-02-02-03.wav,..\data\raw\RAVDESS\Actor_03\03-01-02-02-02-02-03.wav,02,Calm,Strong,Dogs are sitting by the door,2,3,Male
03-01-03-01-01-01-03.wav,..\data\raw\RAVDESS\Actor_03\03-01-03-01-01-01-03.wav,03,Happy,Normal,Kids are talking by the door,1,3,Male
03-01-03-01-01-02-03.wav,..\data\raw\RAVDESS\Actor_03\03-01-03-01-01-02-03.wav,03,Happy,Normal,Kids are talking by the door,2,3,Male
03-01-03-01-02-01-03.wav,..\data\raw\RAVDESS\Actor_03\03-01-03-01-02-01-03.wav,03,Happy,Normal,Dogs are sitting by the door,1,3,Male
03-01-03-01-02-02-03.wav,..\data\raw\RAVDESS\Actor_03\03-01-03-01-02-02-03.wav,03,Happy,Normal,Dogs are sitting by the door,2,3,Male
03-01-03-02-01-01-03.wav,..\data\raw\RAVDESS\Actor_03\03-01-03-02-01-01-03.wav,03,Happy,Strong,Kids are talking by the door,1,3,Male
03-01-03-02-01-02-03.wav,..\data\raw\RAVDESS\Actor_03\03-01-03-02-01-02-03.wav,03,Happy,Strong,Kids are talking by the door,2,3,Male
03-01-03-02-02-01-03.wav,..\data\raw\RAVDESS\Actor_03\03-01-03-02-02-01-03.wav,03,Happy,Strong,Dogs are sitting by the door,1,3,Male
03-01-03-02-02-02-03.wav,..\data\raw\RAVDESS\Actor_03\03-01-03-02-02-02-03.wav,03,Happy,Strong,Dogs are sitting by the door,2,3,Male
03-01-04-01-01-01-03.wav,..\data\raw\RAVDESS\Actor_03\03-01-04-01-01-01-03.wav,04,Sad,Normal,Kids are talking by the door,1,3,Male
03-01-04-01-01-02-03.wav,..\data\raw\RAVDESS\Actor_03\03-01-04-01-01-02-03.wav,04,Sad,Normal,Kids are talking by the door,2,3,Male
03-01-04-01-02-01-03.wav,..\data\raw\RAVDESS\Actor_03\03-01-04-01-02-01-03.wav,04,Sad,Normal,Dogs are sitting by the door,1,3,Male
03-01-04-01-02-02-03.wav,..\data\raw\RAVDESS\Actor_03\03-01-04-01-02-02-03.wav,04,Sad,Normal,Dogs are sitting by the door,2,3,Male
03-01-04-02-01-01-03.wav,..\data\raw\RAVDESS\Actor_03\03-01-04-02-01-01-03.wav,04,Sad,Strong,Kids are talking by the door,1,3,Male
03-01-04-02-01-02-03.wav,..\data\raw\RAVDESS\Actor_03\03-01-04-02-01-02-03.wav,04,Sad,Strong,Kids are talking by the door,2,3,Male
03-01-04-02-02-01-03.wav,..\data\raw\RAVDESS\Actor_03\03-01-04-02-02-01-03.wav,04,Sad,Strong,Dogs are sitting by the door,1,3,Male
03-01-04-02-02-02-03.wav,..\data\raw\RAVDESS\Actor_03\03-01-04-02-02-02-03.wav,04,Sad,Strong,Dogs are sitting by the door,2,3,Male
03-01-05-01-01-01-03.wav,..\data\raw\RAVDESS\Actor_03\03-01-05-01-01-01-03.wav,05,Angry,Normal,Kids are talking by the door,1,3,Male
03-01-05-01-01-02-03.wav,..\data\raw\RAVDESS\Actor_03\03-01-05-01-01-02-03.wav,05,Angry,Normal,Kids are talking by the door,2,3,Male
03-01-05-01-02-01-03.wav,..\data\raw\RAVDESS\Actor_03\03-01-05-01-02-01-03.wav,05,Angry,Normal,Dogs are sitting by the door,1,3,Male
03-01-05-01-02-02-03.wav,..\data\raw\RAVDESS\Actor_03\03-01-05-01-02-02-03.wav,05,Angry,Normal,Dogs are sitting by the door,2,3,Male
03-01-05-02-01-01-03.wav,..\data\raw\RAVDESS\Actor_03\03-01-05-02-01-01-03.wav,05,Angry,Strong,Kids are talking by the door,1,3,Male
03-01-05-02-01-02-03.wav,..\data\raw\RAVDESS\Actor_03\03-01-05-02-01-02-03.wav,05,Angry,Strong,Kids are talking by the door,2,3,Male
03-01-05-02-02-01-03.wav,..\data\raw\RAVDESS\Actor_03\03-01-05-02-02-01-03.wav,05,Angry,Strong,Dogs are sitting by the door,1,3,Male
03-01-05-02-02-02-03.wav,..\data\raw\RAVDESS\Actor_03\03-01-05-02-02-02-03.wav,05,Angry,Strong,Dogs are sitting by the door,2,3,Male
03-01-06-01-01-01-03.wav,..\data\raw\RAVDESS\Actor_03\03-01-06-01-01-01-03.wav,06,Fearful,Normal,Kids are talking by the door,1,3,Male
03-01-06-01-01-02-03.wav,..\data\raw\RAVDESS\Actor_03\03-01-06-01-01-02-03.wav,06,Fearful,Normal,Kids are talking by the door,2,3,Male
03-01-06-01-02-01-03.wav,..\data\raw\RAVDESS\Actor_03\03-01-06-01-02-01-03.wav,06,Fearful,Normal,Dogs are sitting by the door,1,3,Male
03-01-06-01-02-02-03.wav,..\data\raw\RAVDESS\Actor_03\03-01-06-01-02-02-03.wav,06,Fearful,Normal,Dogs are sitting by the door,2,3,Male
03-01-06-02-01-01-03.wav,..\data\raw\RAVDESS\Actor_03\03-01-06-02-01-01-03.wav,06,Fearful,Strong,Kids are talking by the door,1,3,Male
03-01-06-02-01-02-03.wav,..\data\raw\RAVDESS\Actor_03\03-01-06-02-01-02-03.wav,06,Fearful,Strong,Kids are talking by the door,2,3,Male
03-01-06-02-02-01-03.wav,..\data\raw\RAVDESS\Actor_03\03-01-06-02-02-01-03.wav,06,Fearful,Strong,Dogs are sitting by the door,1,3,Male
03-01-06-02-02-02-03.wav,..\data\raw\RAVDESS\Actor_03\03-01-06-02-02-02-03.wav,06,Fearful,Strong,Dogs are sitting by the door,2,3,Male
03-01-07-01-01-01-03.wav,..\data\raw\RAVDESS\Actor_03\03-01-07-01-01-01-03.wav,07,Disgust,Normal,Kids are talking by the door,1,3,Male
03-01-07-01-01-02-03.wav,..\data\raw\RAVDESS\Actor_03\03-01-07-01-01-02-03.wav,07,Disgust,Normal,Kids are talking by the door,2,3,Male
03-01-07-01-02-01-03.wav,..\data\raw\RAVDESS\Actor_03\03-01-07-01-02-01-03.wav,07,Disgust,Normal,Dogs are sitting by the door,1,3,Male
03-01-07-01-02-02-03.wav,..\data\raw\RAVDESS\Actor_03\03-01-07-01-02-02-03.wav,07,Disgust,Normal,Dogs are sitting by the door,2,3,Male
03-01-07-02-01-01-03.wav,..\data\raw\RAVDESS\Actor_03\03-01-07-02-01-01-03.wav,07,Disgust,Strong,Kids are talking by the door,1,3,Male
03-01-07-02-01-02-03.wav,..\data\raw\RAVDESS\Actor_03\03-01-07-02-01-02-03.wav,07,Disgust,Strong,Kids are talking by the door,2,3,Male
03-01-07-02-02-01-03.wav,..\data\raw\RAVDESS\Actor_03\03-01-07-02-02-01-03.wav,07,Disgust,Strong,Dogs are sitting by the door,1,3,Male
03-01-07-02-02-02-03.wav,..\data\raw\RAVDESS\Actor_03\03-01-07-02-02-02-03.wav,07,Disgust,Strong,Dogs are sitting by the door,2,3,Male
03-01-08-01-01-01-03.wav,..\data\raw\RAVDESS\Actor_03\03-01-08-01-01-01-03.wav,08,Surprised,Normal,Kids are talking by the door,1,3,Male
03-01-08-01-01-02-03.wav,..\data\raw\RAVDESS\Actor_03\03-01-08-01-01-02-03.wav,08,Surprised,Normal,Kids are talking by the door,2,3,Male
03-01-08-01-02-01-03.wav,..\data\raw\RAVDESS\Actor_03\03-01-08-01-02-01-03.wav,08,Surprised,Normal,Dogs are sitting by the door,1,3,Male
03-01-08-01-02-02-03.wav,..\data\raw\RAVDESS\Actor_03\03-01-08-01-02-02-03.wav,08,Surprised,Normal,Dogs are sitting by the door,2,3,Male
03-01-08-02-01-01-03.wav,..\data\raw\RAVDESS\Actor_03\03-01-08-02-01-01-03.wav,08,Surprised,Strong,Kids are talking by the door,1,3,Male
03-01-08-02-01-02-03.wav,..\data\raw\RAVDESS\Actor_03\03-01-08-02-01-02-03.wav,08,Surprised,Strong,Kids are talking by the door,2,3,Male
03-01-08-02-02-01-03.wav,..\data\raw\RAVDESS\Actor_03\03-01-08-02-02-01-03.wav,08,Surprised,Strong,Dogs are sitting by the door,1,3,Male
03-01-08-02-02-02-03.wav,..\data\raw\RAVDESS\Actor_03\03-01-08-02-02-02-03.wav,08,Surprised,Strong,Dogs are sitting by the door,2,3,Male
03-01-01-01-01-01-04.wav,..\data\raw\RAVDESS\Actor_04\03-01-01-01-01-01-04.wav,01,Neutral,Normal,Kids are talking by the door,1,4,Female
03-01-01-01-01-02-04.wav,..\data\raw\RAVDESS\Actor_04\03-01-01-01-01-02-04.wav,01,Neutral,Normal,Kids are talking by the door,2,4,Female
03-01-01-01-02-01-04.wav,..\data\raw\RAVDESS\Actor_04\03-01-01-01-02-01-04.wav,01,Neutral,Normal,Dogs are sitting by the door,1,4,Female
03-01-01-01-02-02-04.wav,..\data\raw\RAVDESS\Actor_04\03-01-01-01-02-02-04.wav,01,Neutral,Normal,Dogs are sitting by the door,2,4,Female
03-01-02-01-01-01-04.wav,..\data\raw\RAVDESS\Actor_04\03-01-02-01-01-01-04.wav,02,Calm,Normal,Kids are talking by the door,1,4,Female
03-01-02-01-01-02-04.wav,..\data\raw\RAVDESS\Actor_04\03-01-02-01-01-02-04.wav,02,Calm,Normal,Kids are talking by the door,2,4,Female
03-01-02-01-02-01-04.wav,..\data\raw\RAVDESS\Actor_04\03-01-02-01-02-01-04.wav,02,Calm,Normal,Dogs are sitting by the door,1,4,Female
03-01-02-01-02-02-04.wav,..\data\raw\RAVDESS\Actor_04\03-01-02-01-02-02-04.wav,02,Calm,Normal,Dogs are sitting by the door,2,4,Female
03-01-02-02-01-01-04.wav,..\data\raw\RAVDESS\Actor_04\03-01-02-02-01-01-04.wav,02,Calm,Strong,Kids are talking by the door,1,4,Female
03-01-02-02-01-02-04.wav,..\data\raw\RAVDESS\Actor_04\03-01-02-02-01-02-04.wav,02,Calm,Strong,Kids are talking by the door,2,4,Female
03-01-02-02-02-01-04.wav,..\data\raw\RAVDESS\Actor_04\03-01-02-02-02-01-04.wav,02,Calm,Strong,Dogs are sitting by the door,1,4,Female
03-01-02-02-02-02-04.wav,..\data\raw\RAVDESS\Actor_04\03-01-02-02-02-02-04.wav,02,Calm,Strong,Dogs are sitting by the door,2,4,Female
03-01-03-01-01-01-04.wav,..\data\raw\RAVDESS\Actor_04\03-01-03-01-01-01-04.wav,03,Happy,Normal,Kids are talking by the door,1,4,Female
03-01-03-01-01-02-04.wav,..\data\raw\RAVDESS\Actor_04\03-01-03-01-01-02-04.wav,03,Happy,Normal,Kids are talking by the door,2,4,Female
03-01-03-01-02-01-04.wav,..\data\raw\RAVDESS\Actor_04\03-01-03-01-02-01-04.wav,03,Happy,Normal,Dogs are sitting by the door,1,4,Female
03-01-03-01-02-02-04.wav,..\data\raw\RAVDESS\Actor_04\03-01-03-01-02-02-04.wav,03,Happy,Normal,Dogs are sitting by the door,2,4,Female
03-01-03-02-01-01-04.wav,..\data\raw\RAVDESS\Actor_04\03-01-03-02-01-01-04.wav,03,Happy,Strong,Kids are talking by the door,1,4,Female
03-01-03-02-01-02-04.wav,..\data\raw\RAVDESS\Actor_04\03-01-03-02-01-02-04.wav,03,Happy,Strong,Kids are talking by the door,2,4,Female
03-01-03-02-02-01-04.wav,..\data\raw\RAVDESS\Actor_04\03-01-03-02-02-01-04.wav,03,Happy,Strong,Dogs are sitting by the door,1,4,Female
03-01-03-02-02-02-04.wav,..\data\raw\RAVDESS\Actor_04\03-01-03-02-02-02-04.wav,03,Happy,Strong,Dogs are sitting by the door,2,4,Female
03-01-04-01-01-01-04.wav,..\data\raw\RAVDESS\Actor_04\03-01-04-01-01-01-04.wav,04,Sad,Normal,Kids are talking by the door,1,4,Female
03-01-04-01-01-02-04.wav,..\data\raw\RAVDESS\Actor_04\03-01-04-01-01-02-04.wav,04,Sad,Normal,Kids are talking by the door,2,4,Female
03-01-04-01-02-01-04.wav,..\data\raw\RAVDESS\Actor_04\03-01-04-01-02-01-04.wav,04,Sad,Normal,Dogs are sitting by the door,1,4,Female
03-01-04-01-02-02-04.wav,..\data\raw\RAVDESS\Actor_04\03-01-04-01-02-02-04.wav,04,Sad,Normal,Dogs are sitting by the door,2,4,Female
03-01-04-02-01-01-04.wav,..\data\raw\RAVDESS\Actor_04\03-01-04-02-01-01-04.wav,04,Sad,Strong,Kids are talking by the door,1,4,Female
03-01-04-02-01-02-04.wav,..\data\raw\RAVDESS\Actor_04\03-01-04-02-01-02-04.wav,04,Sad,Strong,Kids are talking by the door,2,4,Female
03-01-04-02-02-01-04.wav,..\data\raw\RAVDESS\Actor_04\03-01-04-02-02-01-04.wav,04,Sad,Strong,Dogs are sitting by the door,1,4,Female
03-01-04-02-02-02-04.wav,..\data\raw\RAVDESS\Actor_04\03-01-04-02-02-02-04.wav,04,Sad,Strong,Dogs are sitting by the door,2,4,Female
03-01-05-01-01-01-04.wav,..\data\raw\RAVDESS\Actor_04\03-01-05-01-01-01-04.wav,05,Angry,Normal,Kids are talking by the door,1,4,Female
03-01-05-01-01-02-04.wav,..\data\raw\RAVDESS\Actor_04\03-01-05-01-01-02-04.wav,05,Angry,Normal,Kids are talking by the door,2,4,Female
03-01-05-01-02-01-04.wav,..\data\raw\RAVDESS\Actor_04\03-01-05-01-02-01-04.wav,05,Angry,Normal,Dogs are sitting by the door,1,4,Female
03-01-05-01-02-02-04.wav,..\data\raw\RAVDESS\Actor_04\03-01-05-01-02-02-04.wav,05,Angry,Normal,Dogs are sitting by the door,2,4,Female
03-01-05-02-01-01-04.wav,..\data\raw\RAVDESS\Actor_04\03-01-05-02-01-01-04.wav,05,Angry,Strong,Kids are talking by the door,1,4,Female
03-01-05-02-01-02-04.wav,..\data\raw\RAVDESS\Actor_04\03-01-05-02-01-02-04.wav,05,Angry,Strong,Kids are talking by the door,2,4,Female
03-01-05-02-02-01-04.wav,..\data\raw\RAVDESS\Actor_04\03-01-05-02-02-01-04.wav,05,Angry,Strong,Dogs are sitting by the door,1,4,Female
03-01-05-02-02-02-04.wav,..\data\raw\RAVDESS\Actor_04\03-01-05-02-02-02-04.wav,05,Angry,Strong,Dogs are sitting by the door,2,4,Female
03-01-06-01-01-01-04.wav,..\data\raw\RAVDESS\Actor_04\03-01-06-01-01-01-04.wav,06,Fearful,Normal,Kids are talking by the door,1,4,Female
03-01-06-01-01-02-04.wav,..\data\raw\RAVDESS\Actor_04\03-01-06-01-01-02-04.wav,06,Fearful,Normal,Kids are talking by the door,2,4,Female
03-01-06-01-02-01-04.wav,..\data\raw\RAVDESS\Actor_04\03-01-06-01-02-01-04.wav,06,Fearful,Normal,Dogs are sitting by the door,1,4,Female
03-01-06-01-02-02-04.wav,..\data\raw\RAVDESS\Actor_04\03-01-06-01-02-02-04.wav,06,Fearful,Normal,Dogs are sitting by the door,2,4,Female
03-01-06-02-01-01-04.wav,..\data\raw\RAVDESS\Actor_04\03-01-06-02-01-01-04.wav,06,Fearful,Strong,Kids are talking by the door,1,4,Female
03-01-06-02-01-02-04.wav,..\data\raw\RAVDESS\Actor_04\03-01-06-02-01-02-04.wav,06,Fearful,Strong,Kids are talking by the door,2,4,Female
03-01-06-02-02-01-04.wav,..\data\raw\RAVDESS\Actor_04\03-01-06-02-02-01-04.wav,06,Fearful,Strong,Dogs are sitting by the door,1,4,Female
03-01-06-02-02-02-04.wav,..\data\raw\RAVDESS\Actor_04\03-01-06-02-02-02-04.wav,06,Fearful,Strong,Dogs are sitting by the door,2,4,Female
03-01-07-01-01-01-04.wav,..\data\raw\RAVDESS\Actor_04\03-01-07-01-01-01-04.wav,07,Disgust,Normal,Kids are talking by the door,1,4,Female
03-01-07-01-01-02-04.wav,..\data\raw\RAVDESS\Actor_04\03-01-07-01-01-02-04.wav,07,Disgust,Normal,Kids are talking by the door,2,4,Female
03-01-07-01-02-01-04.wav,..\data\raw\RAVDESS\Actor_04\03-01-07-01-02-01-04.wav,07,Disgust,Normal,Dogs are sitting by the door,1,4,Female
03-01-07-01-02-02-04.wav,..\data\raw\RAVDESS\Actor_04\03-01-07-01-02-02-04.wav,07,Disgust,Normal,Dogs are sitting by the door,2,4,Female
03-01-07-02-01-01-04.wav,..\data\raw\RAVDESS\Actor_04\03-01-07-02-01-01-04.wav,07,Disgust,Strong,Kids are talking by the door,1,4,Female
03-01-07-02-01-02-04.wav,..\data\raw\RAVDESS\Actor_04\03-01-07-02-01-02-04.wav,07,Disgust,Strong,Kids are talking by the door,2,4,Female
03-01-07-02-02-01-04.wav,..\data\raw\RAVDESS\Actor_04\03-01-07-02-02-01-04.wav,07,Disgust,Strong,Dogs are sitting by the door,1,4,Female
03-01-07-02-02-02-04.wav,..\data\raw\RAVDESS\Actor_04\03-01-07-02-02-02-04.wav,07,Disgust,Strong,Dogs are sitting by the door,2,4,Female
03-01-08-01-01-01-04.wav,..\data\raw\RAVDESS\Actor_04\03-01-08-01-01-01-04.wav,08,Surprised,Normal,Kids are talking by the door,1,4,Female
03-01-08-01-01-02-04.wav,..\data\raw\RAVDESS\Actor_04\03-01-08-01-01-02-04.wav,08,Surprised,Normal,Kids are talking by the door,2,4,Female
03-01-08-01-02-01-04.wav,..\data\raw\RAVDESS\Actor_04\03-01-08-01-02-01-04.wav,08,Surprised,Normal,Dogs are sitting by the door,1,4,Female
03-01-08-01-02-02-04.wav,..\data\raw\RAVDESS\Actor_04\03-01-08-01-02-02-04.wav,08,Surprised,Normal,Dogs are sitting by the door,2,4,Female
03-01-08-02-01-01-04.wav,..\data\raw\RAVDESS\Actor_04\03-01-08-02-01-01-04.wav,08,Surprised,Strong,Kids are talking by the door,1,4,Female
03-01-08-02-01-02-04.wav,..\data\raw\RAVDESS\Actor_04\03-01-08-02-01-02-04.wav,08,Surprised,Strong,Kids are talking by the door,2,4,Female
03-01-08-02-02-01-04.wav,..\data\raw\RAVDESS\Actor_04\03-01-08-02-02-01-04.wav,08,Surprised,Strong,Dogs are sitting by the door,1,4,Female
03-01-08-02-02-02-04.wav,..\data\raw\RAVDESS\Actor_04\03-01-08-02-02-02-04.wav,08,Surprised,Strong,Dogs are sitting by the door,2,4,Female
03-01-01-01-01-01-05.wav,..\data\raw\RAVDESS\Actor_05\03-01-01-01-01-01-05.wav,01,Neutral,Normal,Kids are talking by the door,1,5,Male
03-01-01-01-01-02-05.wav,..\data\raw\RAVDESS\Actor_05\03-01-01-01-01-02-05.wav,01,Neutral,Normal,Kids are talking by the door,2,5,Male
03-01-01-01-02-01-05.wav,..\data\raw\RAVDESS\Actor_05\03-01-01-01-02-01-05.wav,01,Neutral,Normal,Dogs are sitting by the door,1,5,Male
03-01-01-01-02-02-05.wav,..\data\raw\RAVDESS\Actor_05\03-01-01-01-02-02-05.wav,01,Neutral,Normal,Dogs are sitting by the door,2,5,Male
03-01-02-01-01-01-05.wav,..\data\raw\RAVDESS\Actor_05\03-01-02-01-01-01-05.wav,02,Calm,Normal,Kids are talking by the door,1,5,Male
03-01-02-01-01-02-05.wav,..\data\raw\RAVDESS\Actor_05\03-01-02-01-01-02-05.wav,02,Calm,Normal,Kids are talking by the door,2,5,Male
03-01-02-01-02-01-05.wav,..\data\raw\RAVDESS\Actor_05\03-01-02-01-02-01-05.wav,02,Calm,Normal,Dogs are sitting by the door,1,5,Male
03-01-02-01-02-02-05.wav,..\data\raw\RAVDESS\Actor_05\03-01-02-01-02-02-05.wav,02,Calm,Normal,Dogs are sitting by the door,2,5,Male
03-01-02-02-01-01-05.wav,..\data\raw\RAVDESS\Actor_05\03-01-02-02-01-01-05.wav,02,Calm,Strong,Kids are talking by the door,1,5,Male
03-01-02-02-01-02-05.wav,..\data\raw\RAVDESS\Actor_05\03-01-02-02-01-02-05.wav,02,Calm,Strong,Kids are talking by the door,2,5,Male
03-01-02-02-02-01-05.wav,..\data\raw\RAVDESS\Actor_05\03-01-02-02-02-01-05.wav,02,Calm,Strong,Dogs are sitting by the door,1,5,Male
03-01-02-02-02-02-05.wav,..\data\raw\RAVDESS\Actor_05\03-01-02-02-02-02-05.wav,02,Calm,Strong,Dogs are sitting by the door,2,5,Male
03-01-03-01-01-01-05.wav,..\data\raw\RAVDESS\Actor_05\03-01-03-01-01-01-05.wav,03,Happy,Normal,Kids are talking by the door,1,5,Male
03-01-03-01-01-02-05.wav,..\data\raw\RAVDESS\Actor_05\03-01-03-01-01-02-05.wav,03,Happy,Normal,Kids are talking by the door,2,5,Male
03-01-03-01-02-01-05.wav,..\data\raw\RAVDESS\Actor_05\03-01-03-01-02-01-05.wav,03,Happy,Normal,Dogs are sitting by the door,1,5,Male
03-01-03-01-02-02-05.wav,..\data\raw\RAVDESS\Actor_05\03-01-03-01-02-02-05.wav,03,Happy,Normal,Dogs are sitting by the door,2,5,Male
03-01-03-02-01-01-05.wav,..\data\raw\RAVDESS\Actor_05\03-01-03-02-01-01-05.wav,03,Happy,Strong,Kids are talking by the door,1,5,Male
03-01-03-02-01-02-05.wav,..\data\raw\RAVDESS\Actor_05\03-01-03-02-01-02-05.wav,03,Happy,Strong,Kids are talking by the door,2,5,Male
03-01-03-02-02-01-05.wav,..\data\raw\RAVDESS\Actor_05\03-01-03-02-02-01-05.wav,03,Happy,Strong,Dogs are sitting by the door,1,5,Male
03-01-03-02-02-02-05.wav,..\data\raw\RAVDESS\Actor_05\03-01-03-02-02-02-05.wav,03,Happy,Strong,Dogs are sitting by the door,2,5,Male
03-01-04-01-01-01-05.wav,..\data\raw\RAVDESS\Actor_05\03-01-04-01-01-01-05.wav,04,Sad,Normal,Kids are talking by the door,1,5,Male
03-01-04-01-01-02-05.wav,..\data\raw\RAVDESS\Actor_05\03-01-04-01-01-02-05.wav,04,Sad,Normal,Kids are talking by the door,2,5,Male
03-01-04-01-02-01-05.wav,..\data\raw\RAVDESS\Actor_05\03-01-04-01-02-01-05.wav,04,Sad,Normal,Dogs are sitting by the door,1,5,Male
03-01-04-01-02-02-05.wav,..\data\raw\RAVDESS\Actor_05\03-01-04-01-02-02-05.wav,04,Sad,Normal,Dogs are sitting by the door,2,5,Male
03-01-04-02-01-01-05.wav,..\data\raw\RAVDESS\Actor_05\03-01-04-02-01-01-05.wav,04,Sad,Strong,Kids are talking by the door,1,5,Male
03-01-04-02-01-02-05.wav,..\data\raw\RAVDESS\Actor_05\03-01-04-02-01-02-05.wav,04,Sad,Strong,Kids are talking by the door,2,5,Male
03-01-04-02-02-01-05.wav,..\data\raw\RAVDESS\Actor_05\03-01-04-02-02-01-05.wav,04,Sad,Strong,Dogs are sitting by the door,1,5,Male
03-01-04-02-02-02-05.wav,..\data\raw\RAVDESS\Actor_05\03-01-04-02-02-02-05.wav,04,Sad,Strong,Dogs are sitting by the door,2,5,Male
03-01-05-01-01-01-05.wav,..\data\raw\RAVDESS\Actor_05\03-01-05-01-01-01-05.wav,05,Angry,Normal,Kids are talking by the door,1,5,Male
03-01-05-01-01-02-05.wav,..\data\raw\RAVDESS\Actor_05\03-01-05-01-01-02-05.wav,05,Angry,Normal,Kids are talking by the door,2,5,Male
03-01-05-01-02-01-05.wav,..\data\raw\RAVDESS\Actor_05\03-01-05-01-02-01-05.wav,05,Angry,Normal,Dogs are sitting by the door,1,5,Male
03-01-05-01-02-02-05.wav,..\data\raw\RAVDESS\Actor_05\03-01-05-01-02-02-05.wav,05,Angry,Normal,Dogs are sitting by the door,2,5,Male
03-01-05-02-01-01-05.wav,..\data\raw\RAVDESS\Actor_05\03-01-05-02-01-01-05.wav,05,Angry,Strong,Kids are talking by the door,1,5,Male
03-01-05-02-01-02-05.wav,..\data\raw\RAVDESS\Actor_05\03-01-05-02-01-02-05.wav,05,Angry,Strong,Kids are talking by the door,2,5,Male
03-01-05-02-02-01-05.wav,..\data\raw\RAVDESS\Actor_05\03-01-05-02-02-01-05.wav,05,Angry,Strong,Dogs are sitting by the door,1,5,Male
03-01-05-02-02-02-05.wav,..\data\raw\RAVDESS\Actor_05\03-01-05-02-02-02-05.wav,05,Angry,Strong,Dogs are sitting by the door,2,5,Male
03-01-06-01-01-01-05.wav,..\data\raw\RAVDESS\Actor_05\03-01-06-01-01-01-05.wav,06,Fearful,Normal,Kids are talking by the door,1,5,Male
03-01-06-01-01-02-05.wav,..\data\raw\RAVDESS\Actor_05\03-01-06-01-01-02-05.wav,06,Fearful,Normal,Kids are talking by the door,2,5,Male
03-01-06-01-02-01-05.wav,..\data\raw\RAVDESS\Actor_05\03-01-06-01-02-01-05.wav,06,Fearful,Normal,Dogs are sitting by the door,1,5,Male
03-01-06-01-02-02-05.wav,..\data\raw\RAVDESS\Actor_05\03-01-06-01-02-02-05.wav,06,Fearful,Normal,Dogs are sitting by the door,2,5,Male
03-01-06-02-01-01-05.wav,..\data\raw\RAVDESS\Actor_05\03-01-06-02-01-01-05.wav,06,Fearful,Strong,Kids are talking by the door,1,5,Male
03-01-06-02-01-02-05.wav,..\data\raw\RAVDESS\Actor_05\03-01-06-02-01-02-05.wav,06,Fearful,Strong,Kids are talking by the door,2,5,Male
03-01-06-02-02-01-05.wav,..\data\raw\RAVDESS\Actor_05\03-01-06-02-02-01-05.wav,06,Fearful,Strong,Dogs are sitting by the door,1,5,Male
03-01-06-02-02-02-05.wav,..\data\raw\RAVDESS\Actor_05\03-01-06-02-02-02-05.wav,06,Fearful,Strong,Dogs are sitting by the door,2,5,Male
03-01-07-01-01-01-05.wav,..\data\raw\RAVDESS\Actor_05\03-01-07-01-01-01-05.wav,07,Disgust,Normal,Kids are talking by the door,1,5,Male
03-01-07-01-01-02-05.wav,..\data\raw\RAVDESS\Actor_05\03-01-07-01-01-02-05.wav,07,Disgust,Normal,Kids are talking by the door,2,5,Male
03-01-07-01-02-01-05.wav,..\data\raw\RAVDESS\Actor_05\03-01-07-01-02-01-05.wav,07,Disgust,Normal,Dogs are sitting by the door,1,5,Male
03-01-07-01-02-02-05.wav,..\data\raw\RAVDESS\Actor_05\03-01-07-01-02-02-05.wav,07,Disgust,Normal,Dogs are sitting by the door,2,5,Male
03-01-07-02-01-01-05.wav,..\data\raw\RAVDESS\Actor_05\03-01-07-02-01-01-05.wav,07,Disgust,Strong,Kids are talking by the door,1,5,Male
03-01-07-02-01-02-05.wav,..\data\raw\RAVDESS\Actor_05\03-01-07-02-01-02-05.wav,07,Disgust,Strong,Kids are talking by the door,2,5,Male
03-01-07-02-02-01-05.wav,..\data\raw\RAVDESS\Actor_05\03-01-07-02-02-01-05.wav,07,Disgust,Strong,Dogs are sitting by the door,1,5,Male
03-01-07-02-02-02-05.wav,..\data\raw\RAVDESS\Actor_05\03-01-07-02-02-02-05.wav,07,Disgust,Strong,Dogs are sitting by the door,2,5,Male
03-01-08-01-01-01-05.wav,..\data\raw\RAVDESS\Actor_05\03-01-08-01-01-01-05.wav,08,Surprised,Normal,Kids are talking by the door,1,5,Male
03-01-08-01-01-02-05.wav,..\data\raw\RAVDESS\Actor_05\03-01-08-01-01-02-05.wav,08,Surprised,Normal,Kids are talking by the door,2,5,Male
03-01-08-01-02-01-05.wav,..\data\raw\RAVDESS\Actor_05\03-01-08-01-02-01-05.wav,08,Surprised,Normal,Dogs are sitting by the door,1,5,Male
03-01-08-01-02-02-05.wav,..\data\raw\RAVDESS\Actor_05\03-01-08-01-02-02-05.wav,08,Surprised,Normal,Dogs are sitting by the door,2,5,Male
03-01-08-02-01-01-05.wav,..\data\raw\RAVDESS\Actor_05\03-01-08-02-01-01-05.wav,08,Surprised,Strong,Kids are talking by the door,1,5,Male
03-01-08-02-01-02-05.wav,..\data\raw\RAVDESS\Actor_05\03-01-08-02-01-02-05.wav,08,Surprised,Strong,Kids are talking by the door,2,5,Male
03-01-08-02-02-01-05.wav,..\data\raw\RAVDESS\Actor_05\03-01-08-02-02-01-05.wav,08,Surprised,Strong,Dogs are sitting by the door,1,5,Male
03-01-08-02-02-02-05.wav,..\data\raw\RAVDESS\Actor_05\03-01-08-02-02-02-05.wav,08,Surprised,Strong,Dogs are sitting by the door,2,5,Male
03-01-01-01-01-01-06.wav,..\data\raw\RAVDESS\Actor_06\03-01-01-01-01-01-06.wav,01,Neutral,Normal,Kids are talking by the door,1,6,Female
03-01-01-01-01-02-06.wav,..\data\raw\RAVDESS\Actor_06\03-01-01-01-01-02-06.wav,01,Neutral,Normal,Kids are talking by the door,2,6,Female
03-01-01-01-02-01-06.wav,..\data\raw\RAVDESS\Actor_06\03-01-01-01-02-01-06.wav,01,Neutral,Normal,Dogs are sitting by the door,1,6,Female
03-01-01-01-02-02-06.wav,..\data\raw\RAVDESS\Actor_06\03-01-01-01-02-02-06.wav,01,Neutral,Normal,Dogs are sitting by the door,2,6,Female
03-01-02-01-01-01-06.wav,..\data\raw\RAVDESS\Actor_06\03-01-02-01-01-01-06.wav,02,Calm,Normal,Kids are talking by the door,1,6,Female
03-01-02-01-01-02-06.wav,..\data\raw\RAVDESS\Actor_06\03-01-02-01-01-02-06.wav,02,Calm,Normal,Kids are talking by the door,2,6,Female
03-01-02-01-02-01-06.wav,..\data\raw\RAVDESS\Actor_06\03-01-02-01-02-01-06.wav,02,Calm,Normal,Dogs are sitting by the door,1,6,Female
03-01-02-01-02-02-06.wav,..\data\raw\RAVDESS\Actor_06\03-01-02-01-02-02-06.wav,02,Calm,Normal,Dogs are sitting by the door,2,6,Female
03-01-02-02-01-01-06.wav,..\data\raw\RAVDESS\Actor_06\03-01-02-02-01-01-06.wav,02,Calm,Strong,Kids are talking by the door,1,6,Female
03-01-02-02-01-02-06.wav,..\data\raw\RAVDESS\Actor_06\03-01-02-02-01-02-06.wav,02,Calm,Strong,Kids are talking by the door,2,6,Female
03-01-02-02-02-01-06.wav,..\data\raw\RAVDESS\Actor_06\03-01-02-02-02-01-06.wav,02,Calm,Strong,Dogs are sitting by the door,1,6,Female
03-01-02-02-02-02-06.wav,..\data\raw\RAVDESS\Actor_06\03-01-02-02-02-02-06.wav,02,Calm,Strong,Dogs are sitting by the door,2,6,Female
03-01-03-01-01-01-06.wav,..\data\raw\RAVDESS\Actor_06\03-01-03-01-01-01-06.wav,03,Happy,Normal,Kids are talking by the door,1,6,Female
03-01-03-01-01-02-06.wav,..\data\raw\RAVDESS\Actor_06\03-01-03-01-01-02-06.wav,03,Happy,Normal,Kids are talking by the door,2,6,Female
03-01-03-01-02-01-06.wav,..\data\raw\RAVDESS\Actor_06\03-01-03-01-02-01-06.wav,03,Happy,Normal,Dogs are sitting by the door,1,6,Female
03-01-03-01-02-02-06.wav,..\data\raw\RAVDESS\Actor_06\03-01-03-01-02-02-06.wav,03,Happy,Normal,Dogs are sitting by the door,2,6,Female
03-01-03-02-01-01-06.wav,..\data\raw\RAVDESS\Actor_06\03-01-03-02-01-01-06.wav,03,Happy,Strong,Kids are talking by the door,1,6,Female
03-01-03-02-01-02-06.wav,..\data\raw\RAVDESS\Actor_06\03-01-03-02-01-02-06.wav,03,Happy,Strong,Kids are talking by the door,2,6,Female
03-01-03-02-02-01-06.wav,..\data\raw\RAVDESS\Actor_06\03-01-03-02-02-01-06.wav,03,Happy,Strong,Dogs are sitting by the door,1,6,Female
03-01-03-02-02-02-06.wav,..\data\raw\RAVDESS\Actor_06\03-01-03-02-02-02-06.wav,03,Happy,Strong,Dogs are sitting by the door,2,6,Female
03-01-04-01-01-01-06.wav,..\data\raw\RAVDESS\Actor_06\03-01-04-01-01-01-06.wav,04,Sad,Normal,Kids are talking by the door,1,6,Female
03-01-04-01-01-02-06.wav,..\data\raw\RAVDESS\Actor_06\03-01-04-01-01-02-06.wav,04,Sad,Normal,Kids are talking by the door,2,6,Female
03-01-04-01-02-01-06.wav,..\data\raw\RAVDESS\Actor_06\03-01-04-01-02-01-06.wav,04,Sad,Normal,Dogs are sitting by the door,1,6,Female
03-01-04-01-02-02-06.wav,..\data\raw\RAVDESS\Actor_06\03-01-04-01-02-02-06.wav,04,Sad,Normal,Dogs are sitting by the door,2,6,Female
03-01-04-02-01-01-06.wav,..\data\raw\RAVDESS\Actor_06\03-01-04-02-01-01-06.wav,04,Sad,Strong,Kids are talking by the door,1,6,Female
03-01-04-02-01-02-06.wav,..\data\raw\RAVDESS\Actor_06\03-01-04-02-01-02-06.wav,04,Sad,Strong,Kids are talking by the door,2,6,Female
03-01-04-02-02-01-06.wav,..\data\raw\RAVDESS\Actor_06\03-01-04-02-02-01-06.wav,04,Sad,Strong,Dogs are sitting by the door,1,6,Female
03-01-04-02-02-02-06.wav,..\data\raw\RAVDESS\Actor_06\03-01-04-02-02-02-06.wav,04,Sad,Strong,Dogs are sitting by the door,2,6,Female
03-01-05-01-01-01-06.wav,..\data\raw\RAVDESS\Actor_06\03-01-05-01-01-01-06.wav,05,Angry,Normal,Kids are talking by the door,1,6,Female
03-01-05-01-01-02-06.wav,..\data\raw\RAVDESS\Actor_06\03-01-05-01-01-02-06.wav,05,Angry,Normal,Kids are talking by the door,2,6,Female
03-01-05-01-02-01-06.wav,..\data\raw\RAVDESS\Actor_06\03-01-05-01-02-01-06.wav,05,Angry,Normal,Dogs are sitting by the door,1,6,Female
03-01-05-01-02-02-06.wav,..\data\raw\RAVDESS\Actor_06\03-01-05-01-02-02-06.wav,05,Angry,Normal,Dogs are sitting by the door,2,6,Female
03-01-05-02-01-01-06.wav,..\data\raw\RAVDESS\Actor_06\03-01-05-02-01-01-06.wav,05,Angry,Strong,Kids are talking by the door,1,6,Female
03-01-05-02-01-02-06.wav,..\data\raw\RAVDESS\Actor_06\03-01-05-02-01-02-06.wav,05,Angry,Strong,Kids are talking by the door,2,6,Female
03-01-05-02-02-01-06.wav,..\data\raw\RAVDESS\Actor_06\03-01-05-02-02-01-06.wav,05,Angry,Strong,Dogs are sitting by the door,1,6,Female
03-01-05-02-02-02-06.wav,..\data\raw\RAVDESS\Actor_06\03-01-05-02-02-02-06.wav,05,Angry,Strong,Dogs are sitting by the door,2,6,Female
03-01-06-01-01-01-06.wav,..\data\raw\RAVDESS\Actor_06\03-01-06-01-01-01-06.wav,06,Fearful,Normal,Kids are talking by the door,1,6,Female
03-01-06-01-01-02-06.wav,..\data\raw\RAVDESS\Actor_06\03-01-06-01-01-02-06.wav,06,Fearful,Normal,Kids are talking by the door,2,6,Female
03-01-06-01-02-01-06.wav,..\data\raw\RAVDESS\Actor_06\03-01-06-01-02-01-06.wav,06,Fearful,Normal,Dogs are sitting by the door,1,6,Female
03-01-06-01-02-02-06.wav,..\data\raw\RAVDESS\Actor_06\03-01-06-01-02-02-06.wav,06,Fearful,Normal,Dogs are sitting by the door,2,6,Female
03-01-06-02-01-01-06.wav,..\data\raw\RAVDESS\Actor_06\03-01-06-02-01-01-06.wav,06,Fearful,Strong,Kids are talking by the door,1,6,Female
03-01-06-02-01-02-06.wav,..\data\raw\RAVDESS\Actor_06\03-01-06-02-01-02-06.wav,06,Fearful,Strong,Kids are talking by the door,2,6,Female
03-01-06-02-02-01-06.wav,..\data\raw\RAVDESS\Actor_06\03-01-06-02-02-01-06.wav,06,Fearful,Strong,Dogs are sitting by the door,1,6,Female
03-01-06-02-02-02-06.wav,..\data\raw\RAVDESS\Actor_06\03-01-06-02-02-02-06.wav,06,Fearful,Strong,Dogs are sitting by the door,2,6,Female
03-01-07-01-01-01-06.wav,..\data\raw\RAVDESS\Actor_06\03-01-07-01-01-01-06.wav,07,Disgust,Normal,Kids are talking by the door,1,6,Female
03-01-07-01-01-02-06.wav,..\data\raw\RAVDESS\Actor_06\03-01-07-01-01-02-06.wav,07,Disgust,Normal,Kids are talking by the door,2,6,Female
03-01-07-01-02-01-06.wav,..\data\raw\RAVDESS\Actor_06\03-01-07-01-02-01-06.wav,07,Disgust,Normal,Dogs are sitting by the door,1,6,Female
03-01-07-01-02-02-06.wav,..\data\raw\RAVDESS\Actor_06\03-01-07-01-02-02-06.wav,07,Disgust,Normal,Dogs are sitting by the door,2,6,Female
03-01-07-02-01-01-06.wav,..\data\raw\RAVDESS\Actor_06\03-01-07-02-01-01-06.wav,07,Disgust,Strong,Kids are talking by the door,1,6,Female
03-01-07-02-01-02-06.wav,..\data\raw\RAVDESS\Actor_06\03-01-07-02-01-02-06.wav,07,Disgust,Strong,Kids are talking by the door,2,6,Female
03-01-07-02-02-01-06.wav,..\data\raw\RAVDESS\Actor_06\03-01-07-02-02-01-06.wav,07,Disgust,Strong,Dogs are sitting by the door,1,6,Female
03-01-07-02-02-02-06.wav,..\data\raw\RAVDESS\Actor_06\03-01-07-02-02-02-06.wav,07,Disgust,Strong,Dogs are sitting by the door,2,6,Female
03-01-08-01-01-01-06.wav,..\data\raw\RAVDESS\Actor_06\03-01-08-01-01-01-06.wav,08,Surprised,Normal,Kids are talking by the door,1,6,Female
03-01-08-01-01-02-06.wav,..\data\raw\RAVDESS\Actor_06\03-01-08-01-01-02-06.wav,08,Surprised,Normal,Kids are talking by the door,2,6,Female
03-01-08-01-02-01-06.wav,..\data\raw\RAVDESS\Actor_06\03-01-08-01-02-01-06.wav,08,Surprised,Normal,Dogs are sitting by the door,1,6,Female
03-01-08-01-02-02-06.wav,..\data\raw\RAVDESS\Actor_06\03-01-08-01-02-02-06.wav,08,Surprised,Normal,Dogs are sitting by the door,2,6,Female
03-01-08-02-01-01-06.wav,..\data\raw\RAVDESS\Actor_06\03-01-08-02-01-01-06.wav,08,Surprised,Strong,Kids are talking by the door,1,6,Female
03-01-08-02-01-02-06.wav,..\data\raw\RAVDESS\Actor_06\03-01-08-02-01-02-06.wav,08,Surprised,Strong,Kids are talking by the door,2,6,Female
03-01-08-02-02-01-06.wav,..\data\raw\RAVDESS\Actor_06\03-01-08-02-02-01-06.wav,08,Surprised,Strong,Dogs are sitting by the door,1,6,Female
03-01-08-02-02-02-06.wav,..\data\raw\RAVDESS\Actor_06\03-01-08-02-02-02-06.wav,08,Surprised,Strong,Dogs are sitting by the door,2,6,Female
03-01-01-01-01-01-07.wav,..\data\raw\RAVDESS\Actor_07\03-01-01-01-01-01-07.wav,01,Neutral,Normal,Kids are talking by the door,1,7,Male
03-01-01-01-01-02-07.wav,..\data\raw\RAVDESS\Actor_07\03-01-01-01-01-02-07.wav,01,Neutral,Normal,Kids are talking by the door,2,7,Male
03-01-01-01-02-01-07.wav,..\data\raw\RAVDESS\Actor_07\03-01-01-01-02-01-07.wav,01,Neutral,Normal,Dogs are sitting by the door,1,7,Male
03-01-01-01-02-02-07.wav,..\data\raw\RAVDESS\Actor_07\03-01-01-01-02-02-07.wav,01,Neutral,Normal,Dogs are sitting by the door,2,7,Male
03-01-02-01-01-01-07.wav,..\data\raw\RAVDESS\Actor_07\03-01-02-01-01-01-07.wav,02,Calm,Normal,Kids are talking by the door,1,7,Male
03-01-02-01-01-02-07.wav,..\data\raw\RAVDESS\Actor_07\03-01-02-01-01-02-07.wav,02,Calm,Normal,Kids are talking by the door,2,7,Male
03-01-02-01-02-01-07.wav,..\data\raw\RAVDESS\Actor_07\03-01-02-01-02-01-07.wav,02,Calm,Normal,Dogs are sitting by the door,1,7,Male
03-01-02-01-02-02-07.wav,..\data\raw\RAVDESS\Actor_07\03-01-02-01-02-02-07.wav,02,Calm,Normal,Dogs are sitting by the door,2,7,Male
03-01-02-02-01-01-07.wav,..\data\raw\RAVDESS\Actor_07\03-01-02-02-01-01-07.wav,02,Calm,Strong,Kids are talking by the door,1,7,Male
03-01-02-02-01-02-07.wav,..\data\raw\RAVDESS\Actor_07\03-01-02-02-01-02-07.wav,02,Calm,Strong,Kids are talking by the door,2,7,Male
03-01-02-02-02-01-07.wav,..\data\raw\RAVDESS\Actor_07\03-01-02-02-02-01-07.wav,02,Calm,Strong,Dogs are sitting by the door,1,7,Male
03-01-02-02-02-02-07.wav,..\data\raw\RAVDESS\Actor_07\03-01-02-02-02-02-07.wav,02,Calm,Strong,Dogs are sitting by the door,2,7,Male
03-01-03-01-01-01-07.wav,..\data\raw\RAVDESS\Actor_07\03-01-03-01-01-01-07.wav,03,Happy,Normal,Kids are talking by the door,1,7,Male
03-01-03-01-01-02-07.wav,..\data\raw\RAVDESS\Actor_07\03-01-03-01-01-02-07.wav,03,Happy,Normal,Kids are talking by the door,2,7,Male
03-01-03-01-02-01-07.wav,..\data\raw\RAVDESS\Actor_07\03-01-03-01-02-01-07.wav,03,Happy,Normal,Dogs are sitting by the door,1,7,Male
03-01-03-01-02-02-07.wav,..\data\raw\RAVDESS\Actor_07\03-01-03-01-02-02-07.wav,03,Happy,Normal,Dogs are sitting by the door,2,7,Male
03-01-03-02-01-01-07.wav,..\data\raw\RAVDESS\Actor_07\03-01-03-02-01-01-07.wav,03,Happy,Strong,Kids are talking by the door,1,7,Male
03-01-03-02-01-02-07.wav,..\data\raw\RAVDESS\Actor_07\03-01-03-02-01-02-07.wav,03,Happy,Strong,Kids are talking by the door,2,7,Male
03-01-03-02-02-01-07.wav,..\data\raw\RAVDESS\Actor_07\03-01-03-02-02-01-07.wav,03,Happy,Strong,Dogs are sitting by the door,1,7,Male
03-01-03-02-02-02-07.wav,..\data\raw\RAVDESS\Actor_07\03-01-03-02-02-02-07.wav,03,Happy,Strong,Dogs are sitting by the door,2,7,Male
03-01-04-01-01-01-07.wav,..\data\raw\RAVDESS\Actor_07\03-01-04-01-01-01-07.wav,04,Sad,Normal,Kids are talking by the door,1,7,Male
03-01-04-01-01-02-07.wav,..\data\raw\RAVDESS\Actor_07\03-01-04-01-01-02-07.wav,04,Sad,Normal,Kids are talking by the door,2,7,Male
03-01-04-01-02-01-07.wav,..\data\raw\RAVDESS\Actor_07\03-01-04-01-02-01-07.wav,04,Sad,Normal,Dogs are sitting by the door,1,7,Male
03-01-04-01-02-02-07.wav,..\data\raw\RAVDESS\Actor_07\03-01-04-01-02-02-07.wav,04,Sad,Normal,Dogs are sitting by the door,2,7,Male
03-01-04-02-01-01-07.wav,..\data\raw\RAVDESS\Actor_07\03-01-04-02-01-01-07.wav,04,Sad,Strong,Kids are talking by the door,1,7,Male
03-01-04-02-01-02-07.wav,..\data\raw\RAVDESS\Actor_07\03-01-04-02-01-02-07.wav,04,Sad,Strong,Kids are talking by the door,2,7,Male
03-01-04-02-02-01-07.wav,..\data\raw\RAVDESS\Actor_07\03-01-04-02-02-01-07.wav,04,Sad,Strong,Dogs are sitting by the door,1,7,Male
03-01-04-02-02-02-07.wav,..\data\raw\RAVDESS\Actor_07\03-01-04-02-02-02-07.wav,04,Sad,Strong,Dogs are sitting by the door,2,7,Male
03-01-05-01-01-01-07.wav,..\data\raw\RAVDESS\Actor_07\03-01-05-01-01-01-07.wav,05,Angry,Normal,Kids are talking by the door,1,7,Male
03-01-05-01-01-02-07.wav,..\data\raw\RAVDESS\Actor_07\03-01-05-01-01-02-07.wav,05,Angry,Normal,Kids are talking by the door,2,7,Male
03-01-05-01-02-01-07.wav,..\data\raw\RAVDESS\Actor_07\03-01-05-01-02-01-07.wav,05,Angry,Normal,Dogs are sitting by the door,1,7,Male
03-01-05-01-02-02-07.wav,..\data\raw\RAVDESS\Actor_07\03-01-05-01-02-02-07.wav,05,Angry,Normal,Dogs are sitting by the door,2,7,Male
03-01-05-02-01-01-07.wav,..\data\raw\RAVDESS\Actor_07\03-01-05-02-01-01-07.wav,05,Angry,Strong,Kids are talking by the door,1,7,Male
03-01-05-02-01-02-07.wav,..\data\raw\RAVDESS\Actor_07\03-01-05-02-01-02-07.wav,05,Angry,Strong,Kids are talking by the door,2,7,Male
03-01-05-02-02-01-07.wav,..\data\raw\RAVDESS\Actor_07\03-01-05-02-02-01-07.wav,05,Angry,Strong,Dogs are sitting by the door,1,7,Male
03-01-05-02-02-02-07.wav,..\data\raw\RAVDESS\Actor_07\03-01-05-02-02-02-07.wav,05,Angry,Strong,Dogs are sitting by the door,2,7,Male
03-01-06-01-01-01-07.wav,..\data\raw\RAVDESS\Actor_07\03-01-06-01-01-01-07.wav,06,Fearful,Normal,Kids are talking by the door,1,7,Male
03-01-06-01-01-02-07.wav,..\data\raw\RAVDESS\Actor_07\03-01-06-01-01-02-07.wav,06,Fearful,Normal,Kids are talking by the door,2,7,Male
03-01-06-01-02-01-07.wav,..\data\raw\RAVDESS\Actor_07\03-01-06-01-02-01-07.wav,06,Fearful,Normal,Dogs are sitting by the door,1,7,Male
03-01-06-01-02-02-07.wav,..\data\raw\RAVDESS\Actor_07\03-01-06-01-02-02-07.wav,06,Fearful,Normal,Dogs are sitting by the door,2,7,Male
03-01-06-02-01-01-07.wav,..\data\raw\RAVDESS\Actor_07\03-01-06-02-01-01-07.wav,06,Fearful,Strong,Kids are talking by the door,1,7,Male
03-01-06-02-01-02-07.wav,..\data\raw\RAVDESS\Actor_07\03-01-06-02-01-02-07.wav,06,Fearful,Strong,Kids are talking by the door,2,7,Male
03-01-06-02-02-01-07.wav,..\data\raw\RAVDESS\Actor_07\03-01-06-02-02-01-07.wav,06,Fearful,Strong,Dogs are sitting by the door,1,7,Male
03-01-06-02-02-02-07.wav,..\data\raw\RAVDESS\Actor_07\03-01-06-02-02-02-07.wav,06,Fearful,Strong,Dogs are sitting by the door,2,7,Male
03-01-07-01-01-01-07.wav,..\data\raw\RAVDESS\Actor_07\03-01-07-01-01-01-07.wav,07,Disgust,Normal,Kids are talking by the door,1,7,Male
03-01-07-01-01-02-07.wav,..\data\raw\RAVDESS\Actor_07\03-01-07-01-01-02-07.wav,07,Disgust,Normal,Kids are talking by the door,2,7,Male
03-01-07-01-02-01-07.wav,..\data\raw\RAVDESS\Actor_07\03-01-07-01-02-01-07.wav,07,Disgust,Normal,Dogs are sitting by the door,1,7,Male
03-01-07-01-02-02-07.wav,..\data\raw\RAVDESS\Actor_07\03-01-07-01-02-02-07.wav,07,Disgust,Normal,Dogs are sitting by the door,2,7,Male
03-01-07-02-01-01-07.wav,..\data\raw\RAVDESS\Actor_07\03-01-07-02-01-01-07.wav,07,Disgust,Strong,Kids are talking by the door,1,7,Male
03-01-07-02-01-02-07.wav,..\data\raw\RAVDESS\Actor_07\03-01-07-02-01-02-07.wav,07,Disgust,Strong,Kids are talking by the door,2,7,Male
03-01-07-02-02-01-07.wav,..\data\raw\RAVDESS\Actor_07\03-01-07-02-02-01-07.wav,07,Disgust,Strong,Dogs are sitting by the door,1,7,Male
03-01-07-02-02-02-07.wav,..\data\raw\RAVDESS\Actor_07\03-01-07-02-02-02-07.wav,07,Disgust,Strong,Dogs are sitting by the door,2,7,Male
03-01-08-01-01-01-07.wav,..\data\raw\RAVDESS\Actor_07\03-01-08-01-01-01-07.wav,08,Surprised,Normal,Kids are talking by the door,1,7,Male
03-01-08-01-01-02-07.wav,..\data\raw\RAVDESS\Actor_07\03-01-08-01-01-02-07.wav,08,Surprised,Normal,Kids are talking by the door,2,7,Male
03-01-08-01-02-01-07.wav,..\data\raw\RAVDESS\Actor_07\03-01-08-01-02-01-07.wav,08,Surprised,Normal,Dogs are sitting by the door,1,7,Male
03-01-08-01-02-02-07.wav,..\data\raw\RAVDESS\Actor_07\03-01-08-01-02-02-07.wav,08,Surprised,Normal,Dogs are sitting by the door,2,7,Male
03-01-08-02-01-01-07.wav,..\data\raw\RAVDESS\Actor_07\03-01-08-02-01-01-07.wav,08,Surprised,Strong,Kids are talking by the door,1,7,Male
03-01-08-02-01-02-07.wav,..\data\raw\RAVDESS\Actor_07\03-01-08-02-01-02-07.wav,08,Surprised,Strong,Kids are talking by the door,2,7,Male
03-01-08-02-02-01-07.wav,..\data\raw\RAVDESS\Actor_07\03-01-08-02-02-01-07.wav,08,Surprised,Strong,Dogs are sitting by the door,1,7,Male
03-01-08-02-02-02-07.wav,..\data\raw\RAVDESS\Actor_07\03-01-08-02-02-02-07.wav,08,Surprised,Strong,Dogs are sitting by the door,2,7,Male
03-01-01-01-01-01-08.wav,..\data\raw\RAVDESS\Actor_08\03-01-01-01-01-01-08.wav,01,Neutral,Normal,Kids are talking by the door,1,8,Female
03-01-01-01-01-02-08.wav,..\data\raw\RAVDESS\Actor_08\03-01-01-01-01-02-08.wav,01,Neutral,Normal,Kids are talking by the door,2,8,Female
03-01-01-01-02-01-08.wav,..\data\raw\RAVDESS\Actor_08\03-01-01-01-02-01-08.wav,01,Neutral,Normal,Dogs are sitting by the door,1,8,Female
03-01-01-01-02-02-08.wav,..\data\raw\RAVDESS\Actor_08\03-01-01-01-02-02-08.wav,01,Neutral,Normal,Dogs are sitting by the door,2,8,Female
03-01-02-01-01-01-08.wav,..\data\raw\RAVDESS\Actor_08\03-01-02-01-01-01-08.wav,02,Calm,Normal,Kids are talking by the door,1,8,Female
03-01-02-01-01-02-08.wav,..\data\raw\RAVDESS\Actor_08\03-01-02-01-01-02-08.wav,02,Calm,Normal,Kids are talking by the door,2,8,Female
03-01-02-01-02-01-08.wav,..\data\raw\RAVDESS\Actor_08\03-01-02-01-02-01-08.wav,02,Calm,Normal,Dogs are sitting by the door,1,8,Female
03-01-02-01-02-02-08.wav,..\data\raw\RAVDESS\Actor_08\03-01-02-01-02-02-08.wav,02,Calm,Normal,Dogs are sitting by the door,2,8,Female
03-01-02-02-01-01-08.wav,..\data\raw\RAVDESS\Actor_08\03-01-02-02-01-01-08.wav,02,Calm,Strong,Kids are talking by the door,1,8,Female
03-01-02-02-01-02-08.wav,..\data\raw\RAVDESS\Actor_08\03-01-02-02-01-02-08.wav,02,Calm,Strong,Kids are talking by the door,2,8,Female
03-01-02-02-02-01-08.wav,..\data\raw\RAVDESS\Actor_08\03-01-02-02-02-01-08.wav,02,Calm,Strong,Dogs are sitting by the door,1,8,Female
03-01-02-02-02-02-08.wav,..\data\raw\RAVDESS\Actor_08\03-01-02-02-02-02-08.wav,02,Calm,Strong,Dogs are sitting by the door,2,8,Female
03-01-03-01-01-01-08.wav,..\data\raw\RAVDESS\Actor_08\03-01-03-01-01-01-08.wav,03,Happy,Normal,Kids are talking by the door,1,8,Female
03-01-03-01-01-02-08.wav,..\data\raw\RAVDESS\Actor_08\03-01-03-01-01-02-08.wav,03,Happy,Normal,Kids are talking by the door,2,8,Female
03-01-03-01-02-01-08.wav,..\data\raw\RAVDESS\Actor_08\03-01-03-01-02-01-08.wav,03,Happy,Normal,Dogs are sitting by the door,1,8,Female
03-01-03-01-02-02-08.wav,..\data\raw\RAVDESS\Actor_08\03-01-03-01-02-02-08.wav,03,Happy,Normal,Dogs are sitting by the door,2,8,Female
03-01-03-02-01-01-08.wav,..\data\raw\RAVDESS\Actor_08\03-01-03-02-01-01-08.wav,03,Happy,Strong,Kids are talking by the door,1,8,Female
03-01-03-02-01-02-08.wav,..\data\raw\RAVDESS\Actor_08\03-01-03-02-01-02-08.wav,03,Happy,Strong,Kids are talking by the door,2,8,Female
03-01-03-02-02-01-08.wav,..\data\raw\RAVDESS\Actor_08\03-01-03-02-02-01-08.wav,03,Happy,Strong,Dogs are sitting by the door,1,8,Female
03-01-03-02-02-02-08.wav,..\data\raw\RAVDESS\Actor_08\03-01-03-02-02-02-08.wav,03,Happy,Strong,Dogs are sitting by the door,2,8,Female
03-01-04-01-01-01-08.wav,..\data\raw\RAVDESS\Actor_08\03-01-04-01-01-01-08.wav,04,Sad,Normal,Kids are talking by the door,1,8,Female
03-01-04-01-01-02-08.wav,..\data\raw\RAVDESS\Actor_08\03-01-04-01-01-02-08.wav,04,Sad,Normal,Kids are talking by the door,2,8,Female
03-01-04-01-02-01-08.wav,..\data\raw\RAVDESS\Actor_08\03-01-04-01-02-01-08.wav,04,Sad,Normal,Dogs are sitting by the door,1,8,Female
03-01-04-01-02-02-08.wav,..\data\raw\RAVDESS\Actor_08\03-01-04-01-02-02-08.wav,04,Sad,Normal,Dogs are sitting by the door,2,8,Female
03-01-04-02-01-01-08.wav,..\data\raw\RAVDESS\Actor_08\03-01-04-02-01-01-08.wav,04,Sad,Strong,Kids are talking by the door,1,8,Female
03-01-04-02-01-02-08.wav,..\data\raw\RAVDESS\Actor_08\03-01-04-02-01-02-08.wav,04,Sad,Strong,Kids are talking by the door,2,8,Female
03-01-04-02-02-01-08.wav,..\data\raw\RAVDESS\Actor_08\03-01-04-02-02-01-08.wav,04,Sad,Strong,Dogs are sitting by the door,1,8,Female
03-01-04-02-02-02-08.wav,..\data\raw\RAVDESS\Actor_08\03-01-04-02-02-02-08.wav,04,Sad,Strong,Dogs are sitting by the door,2,8,Female
03-01-05-01-01-01-08.wav,..\data\raw\RAVDESS\Actor_08\03-01-05-01-01-01-08.wav,05,Angry,Normal,Kids are talking by the door,1,8,Female
03-01-05-01-01-02-08.wav,..\data\raw\RAVDESS\Actor_08\03-01-05-01-01-02-08.wav,05,Angry,Normal,Kids are talking by the door,2,8,Female
03-01-05-01-02-01-08.wav,..\data\raw\RAVDESS\Actor_08\03-01-05-01-02-01-08.wav,05,Angry,Normal,Dogs are sitting by the door,1,8,Female
03-01-05-01-02-02-08.wav,..\data\raw\RAVDESS\Actor_08\03-01-05-01-02-02-08.wav,05,Angry,Normal,Dogs are sitting by the door,2,8,Female
03-01-05-02-01-01-08.wav,..\data\raw\RAVDESS\Actor_08\03-01-05-02-01-01-08.wav,05,Angry,Strong,Kids are talking by the door,1,8,Female
03-01-05-02-01-02-08.wav,..\data\raw\RAVDESS\Actor_08\03-01-05-02-01-02-08.wav,05,Angry,Strong,Kids are talking by the door,2,8,Female
03-01-05-02-02-01-08.wav,..\data\raw\RAVDESS\Actor_08\03-01-05-02-02-01-08.wav,05,Angry,Strong,Dogs are sitting by the door,1,8,Female
03-01-05-02-02-02-08.wav,..\data\raw\RAVDESS\Actor_08\03-01-05-02-02-02-08.wav,05,Angry,Strong,Dogs are sitting by the door,2,8,Female
03-01-06-01-01-01-08.wav,..\data\raw\RAVDESS\Actor_08\03-01-06-01-01-01-08.wav,06,Fearful,Normal,Kids are talking by the door,1,8,Female
03-01-06-01-01-02-08.wav,..\data\raw\RAVDESS\Actor_08\03-01-06-01-01-02-08.wav,06,Fearful,Normal,Kids are talking by the door,2,8,Female
03-01-06-01-02-01-08.wav,..\data\raw\RAVDESS\Actor_08\03-01-06-01-02-01-08.wav,06,Fearful,Normal,Dogs are sitting by the door,1,8,Female
03-01-06-01-02-02-08.wav,..\data\raw\RAVDESS\Actor_08\03-01-06-01-02-02-08.wav,06,Fearful,Normal,Dogs are sitting by the door,2,8,Female
03-01-06-02-01-01-08.wav,..\data\raw\RAVDESS\Actor_08\03-01-06-02-01-01-08.wav,06,Fearful,Strong,Kids are talking by the door,1,8,Female
03-01-06-02-01-02-08.wav,..\data\raw\RAVDESS\Actor_08\03-01-06-02-01-02-08.wav,06,Fearful,Strong,Kids are talking by the door,2,8,Female
03-01-06-02-02-01-08.wav,..\data\raw\RAVDESS\Actor_08\03-01-06-02-02-01-08.wav,06,Fearful,Strong,Dogs are sitting by the door,1,8,Female
03-01-06-02-02-02-08.wav,..\data\raw\RAVDESS\Actor_08\03-01-06-02-02-02-08.wav,06,Fearful,Strong,Dogs are sitting by the door,2,8,Female
03-01-07-01-01-01-08.wav,..\data\raw\RAVDESS\Actor_08\03-01-07-01-01-01-08.wav,07,Disgust,Normal,Kids are talking by the door,1,8,Female
03-01-07-01-01-02-08.wav,..\data\raw\RAVDESS\Actor_08\03-01-07-01-01-02-08.wav,07,Disgust,Normal,Kids are talking by the door,2,8,Female
03-01-07-01-02-01-08.wav,..\data\raw\RAVDESS\Actor_08\03-01-07-01-02-01-08.wav,07,Disgust,Normal,Dogs are sitting by the door,1,8,Female
03-01-07-01-02-02-08.wav,..\data\raw\RAVDESS\Actor_08\03-01-07-01-02-02-08.wav,07,Disgust,Normal,Dogs are sitting by the door,2,8,Female
03-01-07-02-01-01-08.wav,..\data\raw\RAVDESS\Actor_08\03-01-07-02-01-01-08.wav,07,Disgust,Strong,Kids are talking by the door,1,8,Female
03-01-07-02-01-02-08.wav,..\data\raw\RAVDESS\Actor_08\03-01-07-02-01-02-08.wav,07,Disgust,Strong,Kids are talking by the door,2,8,Female
03-01-07-02-02-01-08.wav,..\data\raw\RAVDESS\Actor_08\03-01-07-02-02-01-08.wav,07,Disgust,Strong,Dogs are sitting by the door,1,8,Female
03-01-07-02-02-02-08.wav,..\data\raw\RAVDESS\Actor_08\03-01-07-02-02-02-08.wav,07,Disgust,Strong,Dogs are sitting by the door,2,8,Female
03-01-08-01-01-01-08.wav,..\data\raw\RAVDESS\Actor_08\03-01-08-01-01-01-08.wav,08,Surprised,Normal,Kids are talking by the door,1,8,Female
03-01-08-01-01-02-08.wav,..\data\raw\RAVDESS\Actor_08\03-01-08-01-01-02-08.wav,08,Surprised,Normal,Kids are talking by the door,2,8,Female
03-01-08-01-02-01-08.wav,..\data\raw\RAVDESS\Actor_08\03-01-08-01-02-01-08.wav,08,Surprised,Normal,Dogs are sitting by the door,1,8,Female
03-01-08-01-02-02-08.wav,..\data\raw\RAVDESS\Actor_08\03-01-08-01-02-02-08.wav,08,Surprised,Normal,Dogs are sitting by the door,2,8,Female
03-01-08-02-01-01-08.wav,..\data\raw\RAVDESS\Actor_08\03-01-08-02-01-01-08.wav,08,Surprised,Strong,Kids are talking by the door,1,8,Female
03-01-08-02-01-02-08.wav,..\data\raw\RAVDESS\Actor_08\03-01-08-02-01-02-08.wav,08,Surprised,Strong,Kids are talking by the door,2,8,Female
03-01-08-02-02-01-08.wav,..\data\raw\RAVDESS\Actor_08\03-01-08-02-02-01-08.wav,08,Surprised,Strong,Dogs are sitting by the door,1,8,Female
03-01-08-02-02-02-08.wav,..\data\raw\RAVDESS\Actor_08\03-01-08-02-02-02-08.wav,08,Surprised,Strong,Dogs are sitting by the door,2,8,Female
03-01-01-01-01-01-09.wav,..\data\raw\RAVDESS\Actor_09\03-01-01-01-01-01-09.wav,01,Neutral,Normal,Kids are talking by the door,1,9,Male
03-01-01-01-01-02-09.wav,..\data\raw\RAVDESS\Actor_09\03-01-01-01-01-02-09.wav,01,Neutral,Normal,Kids are talking by the door,2,9,Male
03-01-01-01-02-01-09.wav,..\data\raw\RAVDESS\Actor_09\03-01-01-01-02-01-09.wav,01,Neutral,Normal,Dogs are sitting by the door,1,9,Male
03-01-01-01-02-02-09.wav,..\data\raw\RAVDESS\Actor_09\03-01-01-01-02-02-09.wav,01,Neutral,Normal,Dogs are sitting by the door,2,9,Male
03-01-02-01-01-01-09.wav,..\data\raw\RAVDESS\Actor_09\03-01-02-01-01-01-09.wav,02,Calm,Normal,Kids are talking by the door,1,9,Male
03-01-02-01-01-02-09.wav,..\data\raw\RAVDESS\Actor_09\03-01-02-01-01-02-09.wav,02,Calm,Normal,Kids are talking by the door,2,9,Male
03-01-02-01-02-01-09.wav,..\data\raw\RAVDESS\Actor_09\03-01-02-01-02-01-09.wav,02,Calm,Normal,Dogs are sitting by the door,1,9,Male
03-01-02-01-02-02-09.wav,..\data\raw\RAVDESS\Actor_09\03-01-02-01-02-02-09.wav,02,Calm,Normal,Dogs are sitting by the door,2,9,Male
03-01-02-02-01-01-09.wav,..\data\raw\RAVDESS\Actor_09\03-01-02-02-01-01-09.wav,02,Calm,Strong,Kids are talking by the door,1,9,Male
03-01-02-02-01-02-09.wav,..\data\raw\RAVDESS\Actor_09\03-01-02-02-01-02-09.wav,02,Calm,Strong,Kids are talking by the door,2,9,Male
03-01-02-02-02-01-09.wav,..\data\raw\RAVDESS\Actor_09\03-01-02-02-02-01-09.wav,02,Calm,Strong,Dogs are sitting by the door,1,9,Male
03-01-02-02-02-02-09.wav,..\data\raw\RAVDESS\Actor_09\03-01-02-02-02-02-09.wav,02,Calm,Strong,Dogs are sitting by the door,2,9,Male
03-01-03-01-01-01-09.wav,..\data\raw\RAVDESS\Actor_09\03-01-03-01-01-01-09.wav,03,Happy,Normal,Kids are talking by the door,1,9,Male
03-01-03-01-01-02-09.wav,..\data\raw\RAVDESS\Actor_09\03-01-03-01-01-02-09.wav,03,Happy,Normal,Kids are talking by the door,2,9,Male
03-01-03-01-02-01-09.wav,..\data\raw\RAVDESS\Actor_09\03-01-03-01-02-01-09.wav,03,Happy,Normal,Dogs are sitting by the door,1,9,Male
03-01-03-01-02-02-09.wav,..\data\raw\RAVDESS\Actor_09\03-01-03-01-02-02-09.wav,03,Happy,Normal,Dogs are sitting by the door,2,9,Male
03-01-03-02-01-01-09.wav,..\data\raw\RAVDESS\Actor_09\03-01-03-02-01-01-09.wav,03,Happy,Strong,Kids are talking by the door,1,9,Male
03-01-03-02-01-02-09.wav,..\data\raw\RAVDESS\Actor_09\03-01-03-02-01-02-09.wav,03,Happy,Strong,Kids are talking by the door,2,9,Male
03-01-03-02-02-01-09.wav,..\data\raw\RAVDESS\Actor_09\03-01-03-02-02-01-09.wav,03,Happy,Strong,Dogs are sitting by the door,1,9,Male
03-01-03-02-02-02-09.wav,..\data\raw\RAVDESS\Actor_09\03-01-03-02-02-02-09.wav,03,Happy,Strong,Dogs are sitting by the door,2,9,Male
03-01-04-01-01-01-09.wav,..\data\raw\RAVDESS\Actor_09\03-01-04-01-01-01-09.wav,04,Sad,Normal,Kids are talking by the door,1,9,Male
03-01-04-01-01-02-09.wav,..\data\raw\RAVDESS\Actor_09\03-01-04-01-01-02-09.wav,04,Sad,Normal,Kids are talking by the door,2,9,Male
03-01-04-01-02-01-09.wav,..\data\raw\RAVDESS\Actor_09\03-01-04-01-02-01-09.wav,04,Sad,Normal,Dogs are sitting by the door,1,9,Male
03-01-04-01-02-02-09.wav,..\data\raw\RAVDESS\Actor_09\03-01-04-01-02-02-09.wav,04,Sad,Normal,Dogs are sitting by the door,2,9,Male
03-01-04-02-01-01-09.wav,..\data\raw\RAVDESS\Actor_09\03-01-04-02-01-01-09.wav,04,Sad,Strong,Kids are talking by the door,1,9,Male
03-01-04-02-01-02-09.wav,..\data\raw\RAVDESS\Actor_09\03-01-04-02-01-02-09.wav,04,Sad,Strong,Kids are talking by the door,2,9,Male
03-01-04-02-02-01-09.wav,..\data\raw\RAVDESS\Actor_09\03-01-04-02-02-01-09.wav,04,Sad,Strong,Dogs are sitting by the door,1,9,Male
03-01-04-02-02-02-09.wav,..\data\raw\RAVDESS\Actor_09\03-01-04-02-02-02-09.wav,04,Sad,Strong,Dogs are sitting by the door,2,9,Male
03-01-05-01-01-01-09.wav,..\data\raw\RAVDESS\Actor_09\03-01-05-01-01-01-09.wav,05,Angry,Normal,Kids are talking by the door,1,9,Male
03-01-05-01-01-02-09.wav,..\data\raw\RAVDESS\Actor_09\03-01-05-01-01-02-09.wav,05,Angry,Normal,Kids are talking by the door,2,9,Male
03-01-05-01-02-01-09.wav,..\data\raw\RAVDESS\Actor_09\03-01-05-01-02-01-09.wav,05,Angry,Normal,Dogs are sitting by the door,1,9,Male
03-01-05-01-02-02-09.wav,..\data\raw\RAVDESS\Actor_09\03-01-05-01-02-02-09.wav,05,Angry,Normal,Dogs are sitting by the door,2,9,Male
03-01-05-02-01-01-09.wav,..\data\raw\RAVDESS\Actor_09\03-01-05-02-01-01-09.wav,05,Angry,Strong,Kids are talking by the door,1,9,Male
03-01-05-02-01-02-09.wav,..\data\raw\RAVDESS\Actor_09\03-01-05-02-01-02-09.wav,05,Angry,Strong,Kids are talking by the door,2,9,Male
03-01-05-02-02-01-09.wav,..\data\raw\RAVDESS\Actor_09\03-01-05-02-02-01-09.wav,05,Angry,Strong,Dogs are sitting by the door,1,9,Male
03-01-05-02-02-02-09.wav,..\data\raw\RAVDESS\Actor_09\03-01-05-02-02-02-09.wav,05,Angry,Strong,Dogs are sitting by the door,2,9,Male
03-01-06-01-01-01-09.wav,..\data\raw\RAVDESS\Actor_09\03-01-06-01-01-01-09.wav,06,Fearful,Normal,Kids are talking by the door,1,9,Male
03-01-06-01-01-02-09.wav,..\data\raw\RAVDESS\Actor_09\03-01-06-01-01-02-09.wav,06,Fearful,Normal,Kids are talking by the door,2,9,Male
03-01-06-01-02-01-09.wav,..\data\raw\RAVDESS\Actor_09\03-01-06-01-02-01-09.wav,06,Fearful,Normal,Dogs are sitting by the door,1,9,Male
03-01-06-01-02-02-09.wav,..\data\raw\RAVDESS\Actor_09\03-01-06-01-02-02-09.wav,06,Fearful,Normal,Dogs are sitting by the door,2,9,Male
03-01-06-02-01-01-09.wav,..\data\raw\RAVDESS\Actor_09\03-01-06-02-01-01-09.wav,06,Fearful,Strong,Kids are talking by the door,1,9,Male
03-01-06-02-01-02-09.wav,..\data\raw\RAVDESS\Actor_09\03-01-06-02-01-02-09.wav,06,Fearful,Strong,Kids are talking by the door,2,9,Male
03-01-06-02-02-01-09.wav,..\data\raw\RAVDESS\Actor_09\03-01-06-02-02-01-09.wav,06,Fearful,Strong,Dogs are sitting by the door,1,9,Male
03-01-06-02-02-02-09.wav,..\data\raw\RAVDESS\Actor_09\03-01-06-02-02-02-09.wav,06,Fearful,Strong,Dogs are sitting by the door,2,9,Male
03-01-07-01-01-01-09.wav,..\data\raw\RAVDESS\Actor_09\03-01-07-01-01-01-09.wav,07,Disgust,Normal,Kids are talking by the door,1,9,Male
03-01-07-01-01-02-09.wav,..\data\raw\RAVDESS\Actor_09\03-01-07-01-01-02-09.wav,07,Disgust,Normal,Kids are talking by the door,2,9,Male
03-01-07-01-02-01-09.wav,..\data\raw\RAVDESS\Actor_09\03-01-07-01-02-01-09.wav,07,Disgust,Normal,Dogs are sitting by the door,1,9,Male
03-01-07-01-02-02-09.wav,..\data\raw\RAVDESS\Actor_09\03-01-07-01-02-02-09.wav,07,Disgust,Normal,Dogs are sitting by the door,2,9,Male
03-01-07-02-01-01-09.wav,..\data\raw\RAVDESS\Actor_09\03-01-07-02-01-01-09.wav,07,Disgust,Strong,Kids are talking by the door,1,9,Male
03-01-07-02-01-02-09.wav,..\data\raw\RAVDESS\Actor_09\03-01-07-02-01-02-09.wav,07,Disgust,Strong,Kids are talking by the door,2,9,Male
03-01-07-02-02-01-09.wav,..\data\raw\RAVDESS\Actor_09\03-01-07-02-02-01-09.wav,07,Disgust,Strong,Dogs are sitting by the door,1,9,Male
03-01-07-02-02-02-09.wav,..\data\raw\RAVDESS\Actor_09\03-01-07-02-02-02-09.wav,07,Disgust,Strong,Dogs are sitting by the door,2,9,Male
03-01-08-01-01-01-09.wav,..\data\raw\RAVDESS\Actor_09\03-01-08-01-01-01-09.wav,08,Surprised,Normal,Kids are talking by the door,1,9,Male
03-01-08-01-01-02-09.wav,..\data\raw\RAVDESS\Actor_09\03-01-08-01-01-02-09.wav,08,Surprised,Normal,Kids are talking by the door,2,9,Male
03-01-08-01-02-01-09.wav,..\data\raw\RAVDESS\Actor_09\03-01-08-01-02-01-09.wav,08,Surprised,Normal,Dogs are sitting by the door,1,9,Male
03-01-08-01-02-02-09.wav,..\data\raw\RAVDESS\Actor_09\03-01-08-01-02-02-09.wav,08,Surprised,Normal,Dogs are sitting by the door,2,9,Male
03-01-08-02-01-01-09.wav,..\data\raw\RAVDESS\Actor_09\03-01-08-02-01-01-09.wav,08,Surprised,Strong,Kids are talking by the door,1,9,Male
03-01-08-02-01-02-09.wav,..\data\raw\RAVDESS\Actor_09\03-01-08-02-01-02-09.wav,08,Surprised,Strong,Kids are talking by the door,2,9,Male
03-01-08-02-02-01-09.wav,..\data\raw\RAVDESS\Actor_09\03-01-08-02-02-01-09.wav,08,Surprised,Strong,Dogs are sitting by the door,1,9,Male
03-01-08-02-02-02-09.wav,..\data\raw\RAVDESS\Actor_09\03-01-08-02-02-02-09.wav,08,Surprised,Strong,Dogs are sitting by the door,2,9,Male
03-01-01-01-01-01-10.wav,..\data\raw\RAVDESS\Actor_10\03-01-01-01-01-01-10.wav,01,Neutral,Normal,Kids are talking by the door,1,10,Female
03-01-01-01-01-02-10.wav,..\data\raw\RAVDESS\Actor_10\03-01-01-01-01-02-10.wav,01,Neutral,Normal,Kids are talking by the door,2,10,Female
03-01-01-01-02-01-10.wav,..\data\raw\RAVDESS\Actor_10\03-01-01-01-02-01-10.wav,01,Neutral,Normal,Dogs are sitting by the door,1,10,Female
03-01-01-01-02-02-10.wav,..\data\raw\RAVDESS\Actor_10\03-01-01-01-02-02-10.wav,01,Neutral,Normal,Dogs are sitting by the door,2,10,Female
03-01-02-01-01-01-10.wav,..\data\raw\RAVDESS\Actor_10\03-01-02-01-01-01-10.wav,02,Calm,Normal,Kids are talking by the door,1,10,Female
03-01-02-01-01-02-10.wav,..\data\raw\RAVDESS\Actor_10\03-01-02-01-01-02-10.wav,02,Calm,Normal,Kids are talking by the door,2,10,Female
03-01-02-01-02-01-10.wav,..\data\raw\RAVDESS\Actor_10\03-01-02-01-02-01-10.wav,02,Calm,Normal,Dogs are sitting by the door,1,10,Female
03-01-02-01-02-02-10.wav,..\data\raw\RAVDESS\Actor_10\03-01-02-01-02-02-10.wav,02,Calm,Normal,Dogs are sitting by the door,2,10,Female
03-01-02-02-01-01-10.wav,..\data\raw\RAVDESS\Actor_10\03-01-02-02-01-01-10.wav,02,Calm,Strong,Kids are talking by the door,1,10,Female
03-01-02-02-01-02-10.wav,..\data\raw\RAVDESS\Actor_10\03-01-02-02-01-02-10.wav,02,Calm,Strong,Kids are talking by the door,2,10,Female
03-01-02-02-02-01-10.wav,..\data\raw\RAVDESS\Actor_10\03-01-02-02-02-01-10.wav,02,Calm,Strong,Dogs are sitting by the door,1,10,Female
03-01-02-02-02-02-10.wav,..\data\raw\RAVDESS\Actor_10\03-01-02-02-02-02-10.wav,02,Calm,Strong,Dogs are sitting by the door,2,10,Female
03-01-03-01-01-01-10.wav,..\data\raw\RAVDESS\Actor_10\03-01-03-01-01-01-10.wav,03,Happy,Normal,Kids are talking by the door,1,10,Female
03-01-03-01-01-02-10.wav,..\data\raw\RAVDESS\Actor_10\03-01-03-01-01-02-10.wav,03,Happy,Normal,Kids are talking by the door,2,10,Female
03-01-03-01-02-01-10.wav,..\data\raw\RAVDESS\Actor_10\03-01-03-01-02-01-10.wav,03,Happy,Normal,Dogs are sitting by the door,1,10,Female
03-01-03-01-02-02-10.wav,..\data\raw\RAVDESS\Actor_10\03-01-03-01-02-02-10.wav,03,Happy,Normal,Dogs are sitting by the door,2,10,Female
03-01-03-02-01-01-10.wav,..\data\raw\RAVDESS\Actor_10\03-01-03-02-01-01-10.wav,03,Happy,Strong,Kids are talking by the door,1,10,Female
03-01-03-02-01-02-10.wav,..\data\raw\RAVDESS\Actor_10\03-01-03-02-01-02-10.wav,03,Happy,Strong,Kids are talking by the door,2,10,Female
03-01-03-02-02-01-10.wav,..\data\raw\RAVDESS\Actor_10\03-01-03-02-02-01-10.wav,03,Happy,Strong,Dogs are sitting by the door,1,10,Female
03-01-03-02-02-02-10.wav,..\data\raw\RAVDESS\Actor_10\03-01-03-02-02-02-10.wav,03,Happy,Strong,Dogs are sitting by the door,2,10,Female
03-01-04-01-01-01-10.wav,..\data\raw\RAVDESS\Actor_10\03-01-04-01-01-01-10.wav,04,Sad,Normal,Kids are talking by the door,1,10,Female
03-01-04-01-01-02-10.wav,..\data\raw\RAVDESS\Actor_10\03-01-04-01-01-02-10.wav,04,Sad,Normal,Kids are talking by the door,2,10,Female
03-01-04-01-02-01-10.wav,..\data\raw\RAVDESS\Actor_10\03-01-04-01-02-01-10.wav,04,Sad,Normal,Dogs are sitting by the door,1,10,Female
03-01-04-01-02-02-10.wav,..\data\raw\RAVDESS\Actor_10\03-01-04-01-02-02-10.wav,04,Sad,Normal,Dogs are sitting by the door,2,10,Female
03-01-04-02-01-01-10.wav,..\data\raw\RAVDESS\Actor_10\03-01-04-02-01-01-10.wav,04,Sad,Strong,Kids are talking by the door,1,10,Female
03-01-04-02-01-02-10.wav,..\data\raw\RAVDESS\Actor_10\03-01-04-02-01-02-10.wav,04,Sad,Strong,Kids are talking by the door,2,10,Female
03-01-04-02-02-01-10.wav,..\data\raw\RAVDESS\Actor_10\03-01-04-02-02-01-10.wav,04,Sad,Strong,Dogs are sitting by the door,1,10,Female
03-01-04-02-02-02-10.wav,..\data\raw\RAVDESS\Actor_10\03-01-04-02-02-02-10.wav,04,Sad,Strong,Dogs are sitting by the door,2,10,Female
03-01-05-01-01-01-10.wav,..\data\raw\RAVDESS\Actor_10\03-01-05-01-01-01-10.wav,05,Angry,Normal,Kids are talking by the door,1,10,Female
03-01-05-01-01-02-10.wav,..\data\raw\RAVDESS\Actor_10\03-01-05-01-01-02-10.wav,05,Angry,Normal,Kids are talking by the door,2,10,Female
03-01-05-01-02-01-10.wav,..\data\raw\RAVDESS\Actor_10\03-01-05-01-02-01-10.wav,05,Angry,Normal,Dogs are sitting by the door,1,10,Female
03-01-05-01-02-02-10.wav,..\data\raw\RAVDESS\Actor_10\03-01-05-01-02-02-10.wav,05,Angry,Normal,Dogs are sitting by the door,2,10,Female
03-01-05-02-01-01-10.wav,..\data\raw\RAVDESS\Actor_10\03-01-05-02-01-01-10.wav,05,Angry,Strong,Kids are talking by the door,1,10,Female
03-01-05-02-01-02-10.wav,..\data\raw\RAVDESS\Actor_10\03-01-05-02-01-02-10.wav,05,Angry,Strong,Kids are talking by the door,2,10,Female
03-01-05-02-02-01-10.wav,..\data\raw\RAVDESS\Actor_10\03-01-05-02-02-01-10.wav,05,Angry,Strong,Dogs are sitting by the door,1,10,Female
03-01-05-02-02-02-10.wav,..\data\raw\RAVDESS\Actor_10\03-01-05-02-02-02-10.wav,05,Angry,Strong,Dogs are sitting by the door,2,10,Female
03-01-06-01-01-01-10.wav,..\data\raw\RAVDESS\Actor_10\03-01-06-01-01-01-10.wav,06,Fearful,Normal,Kids are talking by the door,1,10,Female
03-01-06-01-01-02-10.wav,..\data\raw\RAVDESS\Actor_10\03-01-06-01-01-02-10.wav,06,Fearful,Normal,Kids are talking by the door,2,10,Female
03-01-06-01-02-01-10.wav,..\data\raw\RAVDESS\Actor_10\03-01-06-01-02-01-10.wav,06,Fearful,Normal,Dogs are sitting by the door,1,10,Female
03-01-06-01-02-02-10.wav,..\data\raw\RAVDESS\Actor_10\03-01-06-01-02-02-10.wav,06,Fearful,Normal,Dogs are sitting by the door,2,10,Female
03-01-06-02-01-01-10.wav,..\data\raw\RAVDESS\Actor_10\03-01-06-02-01-01-10.wav,06,Fearful,Strong,Kids are talking by the door,1,10,Female
03-01-06-02-01-02-10.wav,..\data\raw\RAVDESS\Actor_10\03-01-06-02-01-02-10.wav,06,Fearful,Strong,Kids are talking by the door,2,10,Female
03-01-06-02-02-01-10.wav,..\data\raw\RAVDESS\Actor_10\03-01-06-02-02-01-10.wav,06,Fearful,Strong,Dogs are sitting by the door,1,10,Female
03-01-06-02-02-02-10.wav,..\data\raw\RAVDESS\Actor_10\03-01-06-02-02-02-10.wav,06,Fearful,Strong,Dogs are sitting by the door,2,10,Female
03-01-07-01-01-01-10.wav,..\data\raw\RAVDESS\Actor_10\03-01-07-01-01-01-10.wav,07,Disgust,Normal,Kids are talking by the door,1,10,Female
03-01-07-01-01-02-10.wav,..\data\raw\RAVDESS\Actor_10\03-01-07-01-01-02-10.wav,07,Disgust,Normal,Kids are talking by the door,2,10,Female
03-01-07-01-02-01-10.wav,..\data\raw\RAVDESS\Actor_10\03-01-07-01-02-01-10.wav,07,Disgust,Normal,Dogs are sitting by the door,1,10,Female
03-01-07-01-02-02-10.wav,..\data\raw\RAVDESS\Actor_10\03-01-07-01-02-02-10.wav,07,Disgust,Normal,Dogs are sitting by the door,2,10,Female
03-01-07-02-01-01-10.wav,..\data\raw\RAVDESS\Actor_10\03-01-07-02-01-01-10.wav,07,Disgust,Strong,Kids are talking by the door,1,10,Female
03-01-07-02-01-02-10.wav,..\data\raw\RAVDESS\Actor_10\03-01-07-02-01-02-10.wav,07,Disgust,Strong,Kids are talking by the door,2,10,Female
03-01-07-02-02-01-10.wav,..\data\raw\RAVDESS\Actor_10\03-01-07-02-02-01-10.wav,07,Disgust,Strong,Dogs are sitting by the door,1,10,Female
03-01-07-02-02-02-10.wav,..\data\raw\RAVDESS\Actor_10\03-01-07-02-02-02-10.wav,07,Disgust,Strong,Dogs are sitting by the door,2,10,Female
03-01-08-01-01-01-10.wav,..\data\raw\RAVDESS\Actor_10\03-01-08-01-01-01-10.wav,08,Surprised,Normal,Kids are talking by the door,1,10,Female
03-01-08-01-01-02-10.wav,..\data\raw\RAVDESS\Actor_10\03-01-08-01-01-02-10.wav,08,Surprised,Normal,Kids are talking by the door,2,10,Female
03-01-08-01-02-01-10.wav,..\data\raw\RAVDESS\Actor_10\03-01-08-01-02-01-10.wav,08,Surprised,Normal,Dogs are sitting by the door,1,10,Female
03-01-08-01-02-02-10.wav,..\data\raw\RAVDESS\Actor_10\03-01-08-01-02-02-10.wav,08,Surprised,Normal,Dogs are sitting by the door,2,10,Female
03-01-08-02-01-01-10.wav,..\data\raw\RAVDESS\Actor_10\03-01-08-02-01-01-10.wav,08,Surprised,Strong,Kids are talking by the door,1,10,Female
03-01-08-02-01-02-10.wav,..\data\raw\RAVDESS\Actor_10\03-01-08-02-01-02-10.wav,08,Surprised,Strong,Kids are talking by the door,2,10,Female
03-01-08-02-02-01-10.wav,..\data\raw\RAVDESS\Actor_10\03-01-08-02-02-01-10.wav,08,Surprised,Strong,Dogs are sitting by the door,1,10,Female
03-01-08-02-02-02-10.wav,..\data\raw\RAVDESS\Actor_10\03-01-08-02-02-02-10.wav,08,Surprised,Strong,Dogs are sitting by the door,2,10,Female
03-01-01-01-01-01-11.wav,..\data\raw\RAVDESS\Actor_11\03-01-01-01-01-01-11.wav,01,Neutral,Normal,Kids are talking by the door,1,11,Male
03-01-01-01-01-02-11.wav,..\data\raw\RAVDESS\Actor_11\03-01-01-01-01-02-11.wav,01,Neutral,Normal,Kids are talking by the door,2,11,Male
03-01-01-01-02-01-11.wav,..\data\raw\RAVDESS\Actor_11\03-01-01-01-02-01-11.wav,01,Neutral,Normal,Dogs are sitting by the door,1,11,Male
03-01-01-01-02-02-11.wav,..\data\raw\RAVDESS\Actor_11\03-01-01-01-02-02-11.wav,01,Neutral,Normal,Dogs are sitting by the door,2,11,Male
03-01-02-01-01-01-11.wav,..\data\raw\RAVDESS\Actor_11\03-01-02-01-01-01-11.wav,02,Calm,Normal,Kids are talking by the door,1,11,Male
03-01-02-01-01-02-11.wav,..\data\raw\RAVDESS\Actor_11\03-01-02-01-01-02-11.wav,02,Calm,Normal,Kids are talking by the door,2,11,Male
03-01-02-01-02-01-11.wav,..\data\raw\RAVDESS\Actor_11\03-01-02-01-02-01-11.wav,02,Calm,Normal,Dogs are sitting by the door,1,11,Male
03-01-02-01-02-02-11.wav,..\data\raw\RAVDESS\Actor_11\03-01-02-01-02-02-11.wav,02,Calm,Normal,Dogs are sitting by the door,2,11,Male
03-01-02-02-01-01-11.wav,..\data\raw\RAVDESS\Actor_11\03-01-02-02-01-01-11.wav,02,Calm,Strong,Kids are talking by the door,1,11,Male
03-01-02-02-01-02-11.wav,..\data\raw\RAVDESS\Actor_11\03-01-02-02-01-02-11.wav,02,Calm,Strong,Kids are talking by the door,2,11,Male
03-01-02-02-02-01-11.wav,..\data\raw\RAVDESS\Actor_11\03-01-02-02-02-01-11.wav,02,Calm,Strong,Dogs are sitting by the door,1,11,Male
03-01-02-02-02-02-11.wav,..\data\raw\RAVDESS\Actor_11\03-01-02-02-02-02-11.wav,02,Calm,Strong,Dogs are sitting by the door,2,11,Male
03-01-03-01-01-01-11.wav,..\data\raw\RAVDESS\Actor_11\03-01-03-01-01-01-11.wav,03,Happy,Normal,Kids are talking by the door,1,11,Male
03-01-03-01-01-02-11.wav,..\data\raw\RAVDESS\Actor_11\03-01-03-01-01-02-11.wav,03,Happy,Normal,Kids are talking by the door,2,11,Male
03-01-03-01-02-01-11.wav,..\data\raw\RAVDESS\Actor_11\03-01-03-01-02-01-11.wav,03,Happy,Normal,Dogs are sitting by the door,1,11,Male
03-01-03-01-02-02-11.wav,..\data\raw\RAVDESS\Actor_11\03-01-03-01-02-02-11.wav,03,Happy,Normal,Dogs are sitting by the door,2,11,Male
03-01-03-02-01-01-11.wav,..\data\raw\RAVDESS\Actor_11\03-01-03-02-01-01-11.wav,03,Happy,Strong,Kids are talking by the door,1,11,Male
03-01-03-02-01-02-11.wav,..\data\raw\RAVDESS\Actor_11\03-01-03-02-01-02-11.wav,03,Happy,Strong,Kids are talking by the door,2,11,Male
03-01-03-02-02-01-11.wav,..\data\raw\RAVDESS\Actor_11\03-01-03-02-02-01-11.wav,03,Happy,Strong,Dogs are sitting by the door,1,11,Male
03-01-03-02-02-02-11.wav,..\data\raw\RAVDESS\Actor_11\03-01-03-02-02-02-11.wav,03,Happy,Strong,Dogs are sitting by the door,2,11,Male
03-01-04-01-01-01-11.wav,..\data\raw\RAVDESS\Actor_11\03-01-04-01-01-01-11.wav,04,Sad,Normal,Kids are talking by the door,1,11,Male
03-01-04-01-01-02-11.wav,..\data\raw\RAVDESS\Actor_11\03-01-04-01-01-02-11.wav,04,Sad,Normal,Kids are talking by the door,2,11,Male
03-01-04-01-02-01-11.wav,..\data\raw\RAVDESS\Actor_11\03-01-04-01-02-01-11.wav,04,Sad,Normal,Dogs are sitting by the door,1,11,Male
03-01-04-01-02-02-11.wav,..\data\raw\RAVDESS\Actor_11\03-01-04-01-02-02-11.wav,04,Sad,Normal,Dogs are sitting by the door,2,11,Male
03-01-04-02-01-01-11.wav,..\data\raw\RAVDESS\Actor_11\03-01-04-02-01-01-11.wav,04,Sad,Strong,Kids are talking by the door,1,11,Male
03-01-04-02-01-02-11.wav,..\data\raw\RAVDESS\Actor_11\03-01-04-02-01-02-11.wav,04,Sad,Strong,Kids are talking by the door,2,11,Male
03-01-04-02-02-01-11.wav,..\data\raw\RAVDESS\Actor_11\03-01-04-02-02-01-11.wav,04,Sad,Strong,Dogs are sitting by the door,1,11,Male
03-01-04-02-02-02-11.wav,..\data\raw\RAVDESS\Actor_11\03-01-04-02-02-02-11.wav,04,Sad,Strong,Dogs are sitting by the door,2,11,Male
03-01-05-01-01-01-11.wav,..\data\raw\RAVDESS\Actor_11\03-01-05-01-01-01-11.wav,05,Angry,Normal,Kids are talking by the door,1,11,Male
03-01-05-01-01-02-11.wav,..\data\raw\RAVDESS\Actor_11\03-01-05-01-01-02-11.wav,05,Angry,Normal,Kids are talking by the door,2,11,Male
03-01-05-01-02-01-11.wav,..\data\raw\RAVDESS\Actor_11\03-01-05-01-02-01-11.wav,05,Angry,Normal,Dogs are sitting by the door,1,11,Male
03-01-05-01-02-02-11.wav,..\data\raw\RAVDESS\Actor_11\03-01-05-01-02-02-11.wav,05,Angry,Normal,Dogs are sitting by the door,2,11,Male
03-01-05-02-01-01-11.wav,..\data\raw\RAVDESS\Actor_11\03-01-05-02-01-01-11.wav,05,Angry,Strong,Kids are talking by the door,1,11,Male
03-01-05-02-01-02-11.wav,..\data\raw\RAVDESS\Actor_11\03-01-05-02-01-02-11.wav,05,Angry,Strong,Kids are talking by the door,2,11,Male
03-01-05-02-02-01-11.wav,..\data\raw\RAVDESS\Actor_11\03-01-05-02-02-01-11.wav,05,Angry,Strong,Dogs are sitting by the door,1,11,Male
03-01-05-02-02-02-11.wav,..\data\raw\RAVDESS\Actor_11\03-01-05-02-02-02-11.wav,05,Angry,Strong,Dogs are sitting by the door,2,11,Male
03-01-06-01-01-01-11.wav,..\data\raw\RAVDESS\Actor_11\03-01-06-01-01-01-11.wav,06,Fearful,Normal,Kids are talking by the door,1,11,Male
03-01-06-01-01-02-11.wav,..\data\raw\RAVDESS\Actor_11\03-01-06-01-01-02-11.wav,06,Fearful,Normal,Kids are talking by the door,2,11,Male
03-01-06-01-02-01-11.wav,..\data\raw\RAVDESS\Actor_11\03-01-06-01-02-01-11.wav,06,Fearful,Normal,Dogs are sitting by the door,1,11,Male
03-01-06-01-02-02-11.wav,..\data\raw\RAVDESS\Actor_11\03-01-06-01-02-02-11.wav,06,Fearful,Normal,Dogs are sitting by the door,2,11,Male
03-01-06-02-01-01-11.wav,..\data\raw\RAVDESS\Actor_11\03-01-06-02-01-01-11.wav,06,Fearful,Strong,Kids are talking by the door,1,11,Male
03-01-06-02-01-02-11.wav,..\data\raw\RAVDESS\Actor_11\03-01-06-02-01-02-11.wav,06,Fearful,Strong,Kids are talking by the door,2,11,Male
03-01-06-02-02-01-11.wav,..\data\raw\RAVDESS\Actor_11\03-01-06-02-02-01-11.wav,06,Fearful,Strong,Dogs are sitting by the door,1,11,Male
03-01-06-02-02-02-11.wav,..\data\raw\RAVDESS\Actor_11\03-01-06-02-02-02-11.wav,06,Fearful,Strong,Dogs are sitting by the door,2,11,Male
03-01-07-01-01-01-11.wav,..\data\raw\RAVDESS\Actor_11\03-01-07-01-01-01-11.wav,07,Disgust,Normal,Kids are talking by the door,1,11,Male
03-01-07-01-01-02-11.wav,..\data\raw\RAVDESS\Actor_11\03-01-07-01-01-02-11.wav,07,Disgust,Normal,Kids are talking by the door,2,11,Male
03-01-07-01-02-01-11.wav,..\data\raw\RAVDESS\Actor_11\03-01-07-01-02-01-11.wav,07,Disgust,Normal,Dogs are sitting by the door,1,11,Male
03-01-07-01-02-02-11.wav,..\data\raw\RAVDESS\Actor_11\03-01-07-01-02-02-11.wav,07,Disgust,Normal,Dogs are sitting by the door,2,11,Male
03-01-07-02-01-01-11.wav,..\data\raw\RAVDESS\Actor_11\03-01-07-02-01-01-11.wav,07,Disgust,Strong,Kids are talking by the door,1,11,Male
03-01-07-02-01-02-11.wav,..\data\raw\RAVDESS\Actor_11\03-01-07-02-01-02-11.wav,07,Disgust,Strong,Kids are talking by the door,2,11,Male
03-01-07-02-02-01-11.wav,..\data\raw\RAVDESS\Actor_11\03-01-07-02-02-01-11.wav,07,Disgust,Strong,Dogs are sitting by the door,1,11,Male
03-01-07-02-02-02-11.wav,..\data\raw\RAVDESS\Actor_11\03-01-07-02-02-02-11.wav,07,Disgust,Strong,Dogs are sitting by the door,2,11,Male
03-01-08-01-01-01-11.wav,..\data\raw\RAVDESS\Actor_11\03-01-08-01-01-01-11.wav,08,Surprised,Normal,Kids are talking by the door,1,11,Male
03-01-08-01-01-02-11.wav,..\data\raw\RAVDESS\Actor_11\03-01-08-01-01-02-11.wav,08,Surprised,Normal,Kids are talking by the door,2,11,Male
03-01-08-01-02-01-11.wav,..\data\raw\RAVDESS\Actor_11\03-01-08-01-02-01-11.wav,08,Surprised,Normal,Dogs are sitting by the door,1,11,Male
03-01-08-01-02-02-11.wav,..\data\raw\RAVDESS\Actor_11\03-01-08-01-02-02-11.wav,08,Surprised,Normal,Dogs are sitting by the door,2,11,Male
03-01-08-02-01-01-11.wav,..\data\raw\RAVDESS\Actor_11\03-01-08-02-01-01-11.wav,08,Surprised,Strong,Kids are talking by the door,1,11,Male
03-01-08-02-01-02-11.wav,..\data\raw\RAVDESS\Actor_11\03-01-08-02-01-02-11.wav,08,Surprised,Strong,Kids are talking by the door,2,11,Male
03-01-08-02-02-01-11.wav,..\data\raw\RAVDESS\Actor_11\03-01-08-02-02-01-11.wav,08,Surprised,Strong,Dogs are sitting by the door,1,11,Male
03-01-08-02-02-02-11.wav,..\data\raw\RAVDESS\Actor_11\03-01-08-02-02-02-11.wav,08,Surprised,Strong,Dogs are sitting by the door,2,11,Male
03-01-01-01-01-01-12.wav,..\data\raw\RAVDESS\Actor_12\03-01-01-01-01-01-12.wav,01,Neutral,Normal,Kids are talking by the door,1,12,Female
03-01-01-01-01-02-12.wav,..\data\raw\RAVDESS\Actor_12\03-01-01-01-01-02-12.wav,01,Neutral,Normal,Kids are talking by the door,2,12,Female
03-01-01-01-02-01-12.wav,..\data\raw\RAVDESS\Actor_12\03-01-01-01-02-01-12.wav,01,Neutral,Normal,Dogs are sitting by the door,1,12,Female
03-01-01-01-02-02-12.wav,..\data\raw\RAVDESS\Actor_12\03-01-01-01-02-02-12.wav,01,Neutral,Normal,Dogs are sitting by the door,2,12,Female
03-01-02-01-01-01-12.wav,..\data\raw\RAVDESS\Actor_12\03-01-02-01-01-01-12.wav,02,Calm,Normal,Kids are talking by the door,1,12,Female
03-01-02-01-01-02-12.wav,..\data\raw\RAVDESS\Actor_12\03-01-02-01-01-02-12.wav,02,Calm,Normal,Kids are talking by the door,2,12,Female
03-01-02-01-02-01-12.wav,..\data\raw\RAVDESS\Actor_12\03-01-02-01-02-01-12.wav,02,Calm,Normal,Dogs are sitting by the door,1,12,Female
03-01-02-01-02-02-12.wav,..\data\raw\RAVDESS\Actor_12\03-01-02-01-02-02-12.wav,02,Calm,Normal,Dogs are sitting by the door,2,12,Female
03-01-02-02-01-01-12.wav,..\data\raw\RAVDESS\Actor_12\03-01-02-02-01-01-12.wav,02,Calm,Strong,Kids are talking by the door,1,12,Female
03-01-02-02-01-02-12.wav,..\data\raw\RAVDESS\Actor_12\03-01-02-02-01-02-12.wav,02,Calm,Strong,Kids are talking by the door,2,12,Female
03-01-02-02-02-01-12.wav,..\data\raw\RAVDESS\Actor_12\03-01-02-02-02-01-12.wav,02,Calm,Strong,Dogs are sitting by the door,1,12,Female
03-01-02-02-02-02-12.wav,..\data\raw\RAVDESS\Actor_12\03-01-02-02-02-02-12.wav,02,Calm,Strong,Dogs are sitting by the door,2,12,Female
03-01-03-01-01-01-12.wav,..\data\raw\RAVDESS\Actor_12\03-01-03-01-01-01-12.wav,03,Happy,Normal,Kids are talking by the door,1,12,Female
03-01-03-01-01-02-12.wav,..\data\raw\RAVDESS\Actor_12\03-01-03-01-01-02-12.wav,03,Happy,Normal,Kids are talking by the door,2,12,Female
03-01-03-01-02-01-12.wav,..\data\raw\RAVDESS\Actor_12\03-01-03-01-02-01-12.wav,03,Happy,Normal,Dogs are sitting by the door,1,12,Female
03-01-03-01-02-02-12.wav,..\data\raw\RAVDESS\Actor_12\03-01-03-01-02-02-12.wav,03,Happy,Normal,Dogs are sitting by the door,2,12,Female
03-01-03-02-01-01-12.wav,..\data\raw\RAVDESS\Actor_12\03-01-03-02-01-01-12.wav,03,Happy,Strong,Kids are talking by the door,1,12,Female
03-01-03-02-01-02-12.wav,..\data\raw\RAVDESS\Actor_12\03-01-03-02-01-02-12.wav,03,Happy,Strong,Kids are talking by the door,2,12,Female
03-01-03-02-02-01-12.wav,..\data\raw\RAVDESS\Actor_12\03-01-03-02-02-01-12.wav,03,Happy,Strong,Dogs are sitting by the door,1,12,Female
03-01-03-02-02-02-12.wav,..\data\raw\RAVDESS\Actor_12\03-01-03-02-02-02-12.wav,03,Happy,Strong,Dogs are sitting by the door,2,12,Female
03-01-04-01-01-01-12.wav,..\data\raw\RAVDESS\Actor_12\03-01-04-01-01-01-12.wav,04,Sad,Normal,Kids are talking by the door,1,12,Female
03-01-04-01-01-02-12.wav,..\data\raw\RAVDESS\Actor_12\03-01-04-01-01-02-12.wav,04,Sad,Normal,Kids are talking by the door,2,12,Female
03-01-04-01-02-01-12.wav,..\data\raw\RAVDESS\Actor_12\03-01-04-01-02-01-12.wav,04,Sad,Normal,Dogs are sitting by the door,1,12,Female
03-01-04-01-02-02-12.wav,..\data\raw\RAVDESS\Actor_12\03-01-04-01-02-02-12.wav,04,Sad,Normal,Dogs are sitting by the door,2,12,Female
03-01-04-02-01-01-12.wav,..\data\raw\RAVDESS\Actor_12\03-01-04-02-01-01-12.wav,04,Sad,Strong,Kids are talking by the door,1,12,Female
03-01-04-02-01-02-12.wav,..\data\raw\RAVDESS\Actor_12\03-01-04-02-01-02-12.wav,04,Sad,Strong,Kids are talking by the door,2,12,Female
03-01-04-02-02-01-12.wav,..\data\raw\RAVDESS\Actor_12\03-01-04-02-02-01-12.wav,04,Sad,Strong,Dogs are sitting by the door,1,12,Female
03-01-04-02-02-02-12.wav,..\data\raw\RAVDESS\Actor_12\03-01-04-02-02-02-12.wav,04,Sad,Strong,Dogs are sitting by the door,2,12,Female
03-01-05-01-01-01-12.wav,..\data\raw\RAVDESS\Actor_12\03-01-05-01-01-01-12.wav,05,Angry,Normal,Kids are talking by the door,1,12,Female
03-01-05-01-01-02-12.wav,..\data\raw\RAVDESS\Actor_12\03-01-05-01-01-02-12.wav,05,Angry,Normal,Kids are talking by the door,2,12,Female
03-01-05-01-02-01-12.wav,..\data\raw\RAVDESS\Actor_12\03-01-05-01-02-01-12.wav,05,Angry,Normal,Dogs are sitting by the door,1,12,Female
03-01-05-01-02-02-12.wav,..\data\raw\RAVDESS\Actor_12\03-01-05-01-02-02-12.wav,05,Angry,Normal,Dogs are sitting by the door,2,12,Female
03-01-05-02-01-01-12.wav,..\data\raw\RAVDESS\Actor_12\03-01-05-02-01-01-12.wav,05,Angry,Strong,Kids are talking by the door,1,12,Female
03-01-05-02-01-02-12.wav,..\data\raw\RAVDESS\Actor_12\03-01-05-02-01-02-12.wav,05,Angry,Strong,Kids are talking by the door,2,12,Female
03-01-05-02-02-01-12.wav,..\data\raw\RAVDESS\Actor_12\03-01-05-02-02-01-12.wav,05,Angry,Strong,Dogs are sitting by the door,1,12,Female
03-01-05-02-02-02-12.wav,..\data\raw\RAVDESS\Actor_12\03-01-05-02-02-02-12.wav,05,Angry,Strong,Dogs are sitting by the door,2,12,Female
03-01-06-01-01-01-12.wav,..\data\raw\RAVDESS\Actor_12\03-01-06-01-01-01-12.wav,06,Fearful,Normal,Kids are talking by the door,1,12,Female
03-01-06-01-01-02-12.wav,..\data\raw\RAVDESS\Actor_12\03-01-06-01-01-02-12.wav,06,Fearful,Normal,Kids are talking by the door,2,12,Female
03-01-06-01-02-01-12.wav,..\data\raw\RAVDESS\Actor_12\03-01-06-01-02-01-12.wav,06,Fearful,Normal,Dogs are sitting by the door,1,12,Female
03-01-06-01-02-02-12.wav,..\data\raw\RAVDESS\Actor_12\03-01-06-01-02-02-12.wav,06,Fearful,Normal,Dogs are sitting by the door,2,12,Female
03-01-06-02-01-01-12.wav,..\data\raw\RAVDESS\Actor_12\03-01-06-02-01-01-12.wav,06,Fearful,Strong,Kids are talking by the door,1,12,Female
03-01-06-02-01-02-12.wav,..\data\raw\RAVDESS\Actor_12\03-01-06-02-01-02-12.wav,06,Fearful,Strong,Kids are talking by the door,2,12,Female
03-01-06-02-02-01-12.wav,..\data\raw\RAVDESS\Actor_12\03-01-06-02-02-01-12.wav,06,Fearful,Strong,Dogs are sitting by the door,1,12,Female
03-01-06-02-02-02-12.wav,..\data\raw\RAVDESS\Actor_12\03-01-06-02-02-02-12.wav,06,Fearful,Strong,Dogs are sitting by the door,2,12,Female
03-01-07-01-01-01-12.wav,..\data\raw\RAVDESS\Actor_12\03-01-07-01-01-01-12.wav,07,Disgust,Normal,Kids are talking by the door,1,12,Female
03-01-07-01-01-02-12.wav,..\data\raw\RAVDESS\Actor_12\03-01-07-01-01-02-12.wav,07,Disgust,Normal,Kids are talking by the door,2,12,Female
03-01-07-01-02-01-12.wav,..\data\raw\RAVDESS\Actor_12\03-01-07-01-02-01-12.wav,07,Disgust,Normal,Dogs are sitting by the door,1,12,Female
03-01-07-01-02-02-12.wav,..\data\raw\RAVDESS\Actor_12\03-01-07-01-02-02-12.wav,07,Disgust,Normal,Dogs are sitting by the door,2,12,Female
03-01-07-02-01-01-12.wav,..\data\raw\RAVDESS\Actor_12\03-01-07-02-01-01-12.wav,07,Disgust,Strong,Kids are talking by the door,1,12,Female
03-01-07-02-01-02-12.wav,..\data\raw\RAVDESS\Actor_12\03-01-07-02-01-02-12.wav,07,Disgust,Strong,Kids are talking by the door,2,12,Female
03-01-07-02-02-01-12.wav,..\data\raw\RAVDESS\Actor_12\03-01-07-02-02-01-12.wav,07,Disgust,Strong,Dogs are sitting by the door,1,12,Female
03-01-07-02-02-02-12.wav,..\data\raw\RAVDESS\Actor_12\03-01-07-02-02-02-12.wav,07,Disgust,Strong,Dogs are sitting by the door,2,12,Female
03-01-08-01-01-01-12.wav,..\data\raw\RAVDESS\Actor_12\03-01-08-01-01-01-12.wav,08,Surprised,Normal,Kids are talking by the door,1,12,Female
03-01-08-01-01-02-12.wav,..\data\raw\RAVDESS\Actor_12\03-01-08-01-01-02-12.wav,08,Surprised,Normal,Kids are talking by the door,2,12,Female
03-01-08-01-02-01-12.wav,..\data\raw\RAVDESS\Actor_12\03-01-08-01-02-01-12.wav,08,Surprised,Normal,Dogs are sitting by the door,1,12,Female
03-01-08-01-02-02-12.wav,..\data\raw\RAVDESS\Actor_12\03-01-08-01-02-02-12.wav,08,Surprised,Normal,Dogs are sitting by the door,2,12,Female
03-01-08-02-01-01-12.wav,..\data\raw\RAVDESS\Actor_12\03-01-08-02-01-01-12.wav,08,Surprised,Strong,Kids are talking by the door,1,12,Female
03-01-08-02-01-02-12.wav,..\data\raw\RAVDESS\Actor_12\03-01-08-02-01-02-12.wav,08,Surprised,Strong,Kids are talking by the door,2,12,Female
03-01-08-02-02-01-12.wav,..\data\raw\RAVDESS\Actor_12\03-01-08-02-02-01-12.wav,08,Surprised,Strong,Dogs are sitting by the door,1,12,Female
03-01-08-02-02-02-12.wav,..\data\raw\RAVDESS\Actor_12\03-01-08-02-02-02-12.wav,08,Surprised,Strong,Dogs are sitting by the door,2,12,Female
03-01-01-01-01-01-13.wav,..\data\raw\RAVDESS\Actor_13\03-01-01-01-01-01-13.wav,01,Neutral,Normal,Kids are talking by the door,1,13,Male
03-01-01-01-01-02-13.wav,..\data\raw\RAVDESS\Actor_13\03-01-01-01-01-02-13.wav,01,Neutral,Normal,Kids are talking by the door,2,13,Male
03-01-01-01-02-01-13.wav,..\data\raw\RAVDESS\Actor_13\03-01-01-01-02-01-13.wav,01,Neutral,Normal,Dogs are sitting by the door,1,13,Male
03-01-01-01-02-02-13.wav,..\data\raw\RAVDESS\Actor_13\03-01-01-01-02-02-13.wav,01,Neutral,Normal,Dogs are sitting by the door,2,13,Male
03-01-02-01-01-01-13.wav,..\data\raw\RAVDESS\Actor_13\03-01-02-01-01-01-13.wav,02,Calm,Normal,Kids are talking by the door,1,13,Male
03-01-02-01-01-02-13.wav,..\data\raw\RAVDESS\Actor_13\03-01-02-01-01-02-13.wav,02,Calm,Normal,Kids are talking by the door,2,13,Male
03-01-02-01-02-01-13.wav,..\data\raw\RAVDESS\Actor_13\03-01-02-01-02-01-13.wav,02,Calm,Normal,Dogs are sitting by the door,1,13,Male
03-01-02-01-02-02-13.wav,..\data\raw\RAVDESS\Actor_13\03-01-02-01-02-02-13.wav,02,Calm,Normal,Dogs are sitting by the door,2,13,Male
03-01-02-02-01-01-13.wav,..\data\raw\RAVDESS\Actor_13\03-01-02-02-01-01-13.wav,02,Calm,Strong,Kids are talking by the door,1,13,Male
03-01-02-02-01-02-13.wav,..\data\raw\RAVDESS\Actor_13\03-01-02-02-01-02-13.wav,02,Calm,Strong,Kids are talking by the door,2,13,Male
03-01-02-02-02-01-13.wav,..\data\raw\RAVDESS\Actor_13\03-01-02-02-02-01-13.wav,02,Calm,Strong,Dogs are sitting by the door,1,13,Male
03-01-02-02-02-02-13.wav,..\data\raw\RAVDESS\Actor_13\03-01-02-02-02-02-13.wav,02,Calm,Strong,Dogs are sitting by the door,2,13,Male
03-01-03-01-01-01-13.wav,..\data\raw\RAVDESS\Actor_13\03-01-03-01-01-01-13.wav,03,Happy,Normal,Kids are talking by the door,1,13,Male
03-01-03-01-01-02-13.wav,..\data\raw\RAVDESS\Actor_13\03-01-03-01-01-02-13.wav,03,Happy,Normal,Kids are talking by the door,2,13,Male
03-01-03-01-02-01-13.wav,..\data\raw\RAVDESS\Actor_13\03-01-03-01-02-01-13.wav,03,Happy,Normal,Dogs are sitting by the door,1,13,Male
03-01-03-01-02-02-13.wav,..\data\raw\RAVDESS\Actor_13\03-01-03-01-02-02-13.wav,03,Happy,Normal,Dogs are sitting by the door,2,13,Male
03-01-03-02-01-01-13.wav,..\data\raw\RAVDESS\Actor_13\03-01-03-02-01-01-13.wav,03,Happy,Strong,Kids are talking by the door,1,13,Male
03-01-03-02-01-02-13.wav,..\data\raw\RAVDESS\Actor_13\03-01-03-02-01-02-13.wav,03,Happy,Strong,Kids are talking by the door,2,13,Male
03-01-03-02-02-01-13.wav,..\data\raw\RAVDESS\Actor_13\03-01-03-02-02-01-13.wav,03,Happy,Strong,Dogs are sitting by the door,1,13,Male
03-01-03-02-02-02-13.wav,..\data\raw\RAVDESS\Actor_13\03-01-03-02-02-02-13.wav,03,Happy,Strong,Dogs are sitting by the door,2,13,Male
03-01-04-01-01-01-13.wav,..\data\raw\RAVDESS\Actor_13\03-01-04-01-01-01-13.wav,04,Sad,Normal,Kids are talking by the door,1,13,Male
03-01-04-01-01-02-13.wav,..\data\raw\RAVDESS\Actor_13\03-01-04-01-01-02-13.wav,04,Sad,Normal,Kids are talking by the door,2,13,Male
03-01-04-01-02-01-13.wav,..\data\raw\RAVDESS\Actor_13\03-01-04-01-02-01-13.wav,04,Sad,Normal,Dogs are sitting by the door,1,13,Male
03-01-04-01-02-02-13.wav,..\data\raw\RAVDESS\Actor_13\03-01-04-01-02-02-13.wav,04,Sad,Normal,Dogs are sitting by the door,2,13,Male
03-01-04-02-01-01-13.wav,..\data\raw\RAVDESS\Actor_13\03-01-04-02-01-01-13.wav,04,Sad,Strong,Kids are talking by the door,1,13,Male
03-01-04-02-01-02-13.wav,..\data\raw\RAVDESS\Actor_13\03-01-04-02-01-02-13.wav,04,Sad,Strong,Kids are talking by the door,2,13,Male
03-01-04-02-02-01-13.wav,..\data\raw\RAVDESS\Actor_13\03-01-04-02-02-01-13.wav,04,Sad,Strong,Dogs are sitting by the door,1,13,Male
03-01-04-02-02-02-13.wav,..\data\raw\RAVDESS\Actor_13\03-01-04-02-02-02-13.wav,04,Sad,Strong,Dogs are sitting by the door,2,13,Male
03-01-05-01-01-01-13.wav,..\data\raw\RAVDESS\Actor_13\03-01-05-01-01-01-13.wav,05,Angry,Normal,Kids are talking by the door,1,13,Male
03-01-05-01-01-02-13.wav,..\data\raw\RAVDESS\Actor_13\03-01-05-01-01-02-13.wav,05,Angry,Normal,Kids are talking by the door,2,13,Male
03-01-05-01-02-01-13.wav,..\data\raw\RAVDESS\Actor_13\03-01-05-01-02-01-13.wav,05,Angry,Normal,Dogs are sitting by the door,1,13,Male
03-01-05-01-02-02-13.wav,..\data\raw\RAVDESS\Actor_13\03-01-05-01-02-02-13.wav,05,Angry,Normal,Dogs are sitting by the door,2,13,Male
03-01-05-02-01-01-13.wav,..\data\raw\RAVDESS\Actor_13\03-01-05-02-01-01-13.wav,05,Angry,Strong,Kids are talking by the door,1,13,Male
03-01-05-02-01-02-13.wav,..\data\raw\RAVDESS\Actor_13\03-01-05-02-01-02-13.wav,05,Angry,Strong,Kids are talking by the door,2,13,Male
03-01-05-02-02-01-13.wav,..\data\raw\RAVDESS\Actor_13\03-01-05-02-02-01-13.wav,05,Angry,Strong,Dogs are sitting by the door,1,13,Male
03-01-05-02-02-02-13.wav,..\data\raw\RAVDESS\Actor_13\03-01-05-02-02-02-13.wav,05,Angry,Strong,Dogs are sitting by the door,2,13,Male
03-01-06-01-01-01-13.wav,..\data\raw\RAVDESS\Actor_13\03-01-06-01-01-01-13.wav,06,Fearful,Normal,Kids are talking by the door,1,13,Male
03-01-06-01-01-02-13.wav,..\data\raw\RAVDESS\Actor_13\03-01-06-01-01-02-13.wav,06,Fearful,Normal,Kids are talking by the door,2,13,Male
03-01-06-01-02-01-13.wav,..\data\raw\RAVDESS\Actor_13\03-01-06-01-02-01-13.wav,06,Fearful,Normal,Dogs are sitting by the door,1,13,Male
03-01-06-01-02-02-13.wav,..\data\raw\RAVDESS\Actor_13\03-01-06-01-02-02-13.wav,06,Fearful,Normal,Dogs are sitting by the door,2,13,Male
03-01-06-02-01-01-13.wav,..\data\raw\RAVDESS\Actor_13\03-01-06-02-01-01-13.wav,06,Fearful,Strong,Kids are talking by the door,1,13,Male
03-01-06-02-01-02-13.wav,..\data\raw\RAVDESS\Actor_13\03-01-06-02-01-02-13.wav,06,Fearful,Strong,Kids are talking by the door,2,13,Male
03-01-06-02-02-01-13.wav,..\data\raw\RAVDESS\Actor_13\03-01-06-02-02-01-13.wav,06,Fearful,Strong,Dogs are sitting by the door,1,13,Male
03-01-06-02-02-02-13.wav,..\data\raw\RAVDESS\Actor_13\03-01-06-02-02-02-13.wav,06,Fearful,Strong,Dogs are sitting by the door,2,13,Male
03-01-07-01-01-01-13.wav,..\data\raw\RAVDESS\Actor_13\03-01-07-01-01-01-13.wav,07,Disgust,Normal,Kids are talking by the door,1,13,Male
03-01-07-01-01-02-13.wav,..\data\raw\RAVDESS\Actor_13\03-01-07-01-01-02-13.wav,07,Disgust,Normal,Kids are talking by the door,2,13,Male
03-01-07-01-02-01-13.wav,..\data\raw\RAVDESS\Actor_13\03-01-07-01-02-01-13.wav,07,Disgust,Normal,Dogs are sitting by the door,1,13,Male
03-01-07-01-02-02-13.wav,..\data\raw\RAVDESS\Actor_13\03-01-07-01-02-02-13.wav,07,Disgust,Normal,Dogs are sitting by the door,2,13,Male
03-01-07-02-01-01-13.wav,..\data\raw\RAVDESS\Actor_13\03-01-07-02-01-01-13.wav,07,Disgust,Strong,Kids are talking by the door,1,13,Male
03-01-07-02-01-02-13.wav,..\data\raw\RAVDESS\Actor_13\03-01-07-02-01-02-13.wav,07,Disgust,Strong,Kids are talking by the door,2,13,Male
03-01-07-02-02-01-13.wav,..\data\raw\RAVDESS\Actor_13\03-01-07-02-02-01-13.wav,07,Disgust,Strong,Dogs are sitting by the door,1,13,Male
03-01-07-02-02-02-13.wav,..\data\raw\RAVDESS\Actor_13\03-01-07-02-02-02-13.wav,07,Disgust,Strong,Dogs are sitting by the door,2,13,Male
03-01-08-01-01-01-13.wav,..\data\raw\RAVDESS\Actor_13\03-01-08-01-01-01-13.wav,08,Surprised,Normal,Kids are talking by the door,1,13,Male
03-01-08-01-01-02-13.wav,..\data\raw\RAVDESS\Actor_13\03-01-08-01-01-02-13.wav,08,Surprised,Normal,Kids are talking by the door,2,13,Male
03-01-08-01-02-01-13.wav,..\data\raw\RAVDESS\Actor_13\03-01-08-01-02-01-13.wav,08,Surprised,Normal,Dogs are sitting by the door,1,13,Male
03-01-08-01-02-02-13.wav,..\data\raw\RAVDESS\Actor_13\03-01-08-01-02-02-13.wav,08,Surprised,Normal,Dogs are sitting by the door,2,13,Male
03-01-08-02-01-01-13.wav,..\data\raw\RAVDESS\Actor_13\03-01-08-02-01-01-13.wav,08,Surprised,Strong,Kids are talking by the door,1,13,Male
03-01-08-02-01-02-13.wav,..\data\raw\RAVDESS\Actor_13\03-01-08-02-01-02-13.wav,08,Surprised,Strong,Kids are talking by the door,2,13,Male
03-01-08-02-02-01-13.wav,..\data\raw\RAVDESS\Actor_13\03-01-08-02-02-01-13.wav,08,Surprised,Strong,Dogs are sitting by the door,1,13,Male
03-01-08-02-02-02-13.wav,..\data\raw\RAVDESS\Actor_13\03-01-08-02-02-02-13.wav,08,Surprised,Strong,Dogs are sitting by the door,2,13,Male
03-01-01-01-01-01-14.wav,..\data\raw\RAVDESS\Actor_14\03-01-01-01-01-01-14.wav,01,Neutral,Normal,Kids are talking by the door,1,14,Female
03-01-01-01-01-02-14.wav,..\data\raw\RAVDESS\Actor_14\03-01-01-01-01-02-14.wav,01,Neutral,Normal,Kids are talking by the door,2,14,Female
03-01-01-01-02-01-14.wav,..\data\raw\RAVDESS\Actor_14\03-01-01-01-02-01-14.wav,01,Neutral,Normal,Dogs are sitting by the door,1,14,Female
03-01-01-01-02-02-14.wav,..\data\raw\RAVDESS\Actor_14\03-01-01-01-02-02-14.wav,01,Neutral,Normal,Dogs are sitting by the door,2,14,Female
03-01-02-01-01-01-14.wav,..\data\raw\RAVDESS\Actor_14\03-01-02-01-01-01-14.wav,02,Calm,Normal,Kids are talking by the door,1,14,Female
03-01-02-01-01-02-14.wav,..\data\raw\RAVDESS\Actor_14\03-01-02-01-01-02-14.wav,02,Calm,Normal,Kids are talking by the door,2,14,Female
03-01-02-01-02-01-14.wav,..\data\raw\RAVDESS\Actor_14\03-01-02-01-02-01-14.wav,02,Calm,Normal,Dogs are sitting by the door,1,14,Female
03-01-02-01-02-02-14.wav,..\data\raw\RAVDESS\Actor_14\03-01-02-01-02-02-14.wav,02,Calm,Normal,Dogs are sitting by the door,2,14,Female
03-01-02-02-01-01-14.wav,..\data\raw\RAVDESS\Actor_14\03-01-02-02-01-01-14.wav,02,Calm,Strong,Kids are talking by the door,1,14,Female
03-01-02-02-01-02-14.wav,..\data\raw\RAVDESS\Actor_14\03-01-02-02-01-02-14.wav,02,Calm,Strong,Kids are talking by the door,2,14,Female
03-01-02-02-02-01-14.wav,..\data\raw\RAVDESS\Actor_14\03-01-02-02-02-01-14.wav,02,Calm,Strong,Dogs are sitting by the door,1,14,Female
03-01-02-02-02-02-14.wav,..\data\raw\RAVDESS\Actor_14\03-01-02-02-02-02-14.wav,02,Calm,Strong,Dogs are sitting by the door,2,14,Female
03-01-03-01-01-01-14.wav,..\data\raw\RAVDESS\Actor_14\03-01-03-01-01-01-14.wav,03,Happy,Normal,Kids are talking by the door,1,14,Female
03-01-03-01-01-02-14.wav,..\data\raw\RAVDESS\Actor_14\03-01-03-01-01-02-14.wav,03,Happy,Normal,Kids are talking by the door,2,14,Female
03-01-03-01-02-01-14.wav,..\data\raw\RAVDESS\Actor_14\03-01-03-01-02-01-14.wav,03,Happy,Normal,Dogs are sitting by the door,1,14,Female
03-01-03-01-02-02-14.wav,..\data\raw\RAVDESS\Actor_14\03-01-03-01-02-02-14.wav,03,Happy,Normal,Dogs are sitting by the door,2,14,Female
03-01-03-02-01-01-14.wav,..\data\raw\RAVDESS\Actor_14\03-01-03-02-01-01-14.wav,03,Happy,Strong,Kids are talking by the door,1,14,Female
03-01-03-02-01-02-14.wav,..\data\raw\RAVDESS\Actor_14\03-01-03-02-01-02-14.wav,03,Happy,Strong,Kids are talking by the door,2,14,Female
03-01-03-02-02-01-14.wav,..\data\raw\RAVDESS\Actor_14\03-01-03-02-02-01-14.wav,03,Happy,Strong,Dogs are sitting by the door,1,14,Female
03-01-03-02-02-02-14.wav,..\data\raw\RAVDESS\Actor_14\03-01-03-02-02-02-14.wav,03,Happy,Strong,Dogs are sitting by the door,2,14,Female
03-01-04-01-01-01-14.wav,..\data\raw\RAVDESS\Actor_14\03-01-04-01-01-01-14.wav,04,Sad,Normal,Kids are talking by the door,1,14,Female
03-01-04-01-01-02-14.wav,..\data\raw\RAVDESS\Actor_14\03-01-04-01-01-02-14.wav,04,Sad,Normal,Kids are talking by the door,2,14,Female
03-01-04-01-02-01-14.wav,..\data\raw\RAVDESS\Actor_14\03-01-04-01-02-01-14.wav,04,Sad,Normal,Dogs are sitting by the door,1,14,Female
03-01-04-01-02-02-14.wav,..\data\raw\RAVDESS\Actor_14\03-01-04-01-02-02-14.wav,04,Sad,Normal,Dogs are sitting by the door,2,14,Female
03-01-04-02-01-01-14.wav,..\data\raw\RAVDESS\Actor_14\03-01-04-02-01-01-14.wav,04,Sad,Strong,Kids are talking by the door,1,14,Female
03-01-04-02-01-02-14.wav,..\data\raw\RAVDESS\Actor_14\03-01-04-02-01-02-14.wav,04,Sad,Strong,Kids are talking by the door,2,14,Female
03-01-04-02-02-01-14.wav,..\data\raw\RAVDESS\Actor_14\03-01-04-02-02-01-14.wav,04,Sad,Strong,Dogs are sitting by the door,1,14,Female
03-01-04-02-02-02-14.wav,..\data\raw\RAVDESS\Actor_14\03-01-04-02-02-02-14.wav,04,Sad,Strong,Dogs are sitting by the door,2,14,Female
03-01-05-01-01-01-14.wav,..\data\raw\RAVDESS\Actor_14\03-01-05-01-01-01-14.wav,05,Angry,Normal,Kids are talking by the door,1,14,Female
03-01-05-01-01-02-14.wav,..\data\raw\RAVDESS\Actor_14\03-01-05-01-01-02-14.wav,05,Angry,Normal,Kids are talking by the door,2,14,Female
03-01-05-01-02-01-14.wav,..\data\raw\RAVDESS\Actor_14\03-01-05-01-02-01-14.wav,05,Angry,Normal,Dogs are sitting by the door,1,14,Female
03-01-05-01-02-02-14.wav,..\data\raw\RAVDESS\Actor_14\03-01-05-01-02-02-14.wav,05,Angry,Normal,Dogs are sitting by the door,2,14,Female
03-01-05-02-01-01-14.wav,..\data\raw\RAVDESS\Actor_14\03-01-05-02-01-01-14.wav,05,Angry,Strong,Kids are talking by the door,1,14,Female
03-01-05-02-01-02-14.wav,..\data\raw\RAVDESS\Actor_14\03-01-05-02-01-02-14.wav,05,Angry,Strong,Kids are talking by the door,2,14,Female
03-01-05-02-02-01-14.wav,..\data\raw\RAVDESS\Actor_14\03-01-05-02-02-01-14.wav,05,Angry,Strong,Dogs are sitting by the door,1,14,Female
03-01-05-02-02-02-14.wav,..\data\raw\RAVDESS\Actor_14\03-01-05-02-02-02-14.wav,05,Angry,Strong,Dogs are sitting by the door,2,14,Female
03-01-06-01-01-01-14.wav,..\data\raw\RAVDESS\Actor_14\03-01-06-01-01-01-14.wav,06,Fearful,Normal,Kids are talking by the door,1,14,Female
03-01-06-01-01-02-14.wav,..\data\raw\RAVDESS\Actor_14\03-01-06-01-01-02-14.wav,06,Fearful,Normal,Kids are talking by the door,2,14,Female
03-01-06-01-02-01-14.wav,..\data\raw\RAVDESS\Actor_14\03-01-06-01-02-01-14.wav,06,Fearful,Normal,Dogs are sitting by the door,1,14,Female
03-01-06-01-02-02-14.wav,..\data\raw\RAVDESS\Actor_14\03-01-06-01-02-02-14.wav,06,Fearful,Normal,Dogs are sitting by the door,2,14,Female
03-01-06-02-01-01-14.wav,..\data\raw\RAVDESS\Actor_14\03-01-06-02-01-01-14.wav,06,Fearful,Strong,Kids are talking by the door,1,14,Female
03-01-06-02-01-02-14.wav,..\data\raw\RAVDESS\Actor_14\03-01-06-02-01-02-14.wav,06,Fearful,Strong,Kids are talking by the door,2,14,Female
03-01-06-02-02-01-14.wav,..\data\raw\RAVDESS\Actor_14\03-01-06-02-02-01-14.wav,06,Fearful,Strong,Dogs are sitting by the door,1,14,Female
03-01-06-02-02-02-14.wav,..\data\raw\RAVDESS\Actor_14\03-01-06-02-02-02-14.wav,06,Fearful,Strong,Dogs are sitting by the door,2,14,Female
03-01-07-01-01-01-14.wav,..\data\raw\RAVDESS\Actor_14\03-01-07-01-01-01-14.wav,07,Disgust,Normal,Kids are talking by the door,1,14,Female
03-01-07-01-01-02-14.wav,..\data\raw\RAVDESS\Actor_14\03-01-07-01-01-02-14.wav,07,Disgust,Normal,Kids are talking by the door,2,14,Female
03-01-07-01-02-01-14.wav,..\data\raw\RAVDESS\Actor_14\03-01-07-01-02-01-14.wav,07,Disgust,Normal,Dogs are sitting by the door,1,14,Female
03-01-07-01-02-02-14.wav,..\data\raw\RAVDESS\Actor_14\03-01-07-01-02-02-14.wav,07,Disgust,Normal,Dogs are sitting by the door,2,14,Female
03-01-07-02-01-01-14.wav,..\data\raw\RAVDESS\Actor_14\03-01-07-02-01-01-14.wav,07,Disgust,Strong,Kids are talking by the door,1,14,Female
03-01-07-02-01-02-14.wav,..\data\raw\RAVDESS\Actor_14\03-01-07-02-01-02-14.wav,07,Disgust,Strong,Kids are talking by the door,2,14,Female
03-01-07-02-02-01-14.wav,..\data\raw\RAVDESS\Actor_14\03-01-07-02-02-01-14.wav,07,Disgust,Strong,Dogs are sitting by the door,1,14,Female
03-01-07-02-02-02-14.wav,..\data\raw\RAVDESS\Actor_14\03-01-07-02-02-02-14.wav,07,Disgust,Strong,Dogs are sitting by the door,2,14,Female
03-01-08-01-01-01-14.wav,..\data\raw\RAVDESS\Actor_14\03-01-08-01-01-01-14.wav,08,Surprised,Normal,Kids are talking by the door,1,14,Female
03-01-08-01-01-02-14.wav,..\data\raw\RAVDESS\Actor_14\03-01-08-01-01-02-14.wav,08,Surprised,Normal,Kids are talking by the door,2,14,Female
03-01-08-01-02-01-14.wav,..\data\raw\RAVDESS\Actor_14\03-01-08-01-02-01-14.wav,08,Surprised,Normal,Dogs are sitting by the door,1,14,Female
03-01-08-01-02-02-14.wav,..\data\raw\RAVDESS\Actor_14\03-01-08-01-02-02-14.wav,08,Surprised,Normal,Dogs are sitting by the door,2,14,Female
03-01-08-02-01-01-14.wav,..\data\raw\RAVDESS\Actor_14\03-01-08-02-01-01-14.wav,08,Surprised,Strong,Kids are talking by the door,1,14,Female
03-01-08-02-01-02-14.wav,..\data\raw\RAVDESS\Actor_14\03-01-08-02-01-02-14.wav,08,Surprised,Strong,Kids are talking by the door,2,14,Female
03-01-08-02-02-01-14.wav,..\data\raw\RAVDESS\Actor_14\03-01-08-02-02-01-14.wav,08,Surprised,Strong,Dogs are sitting by the door,1,14,Female
03-01-08-02-02-02-14.wav,..\data\raw\RAVDESS\Actor_14\03-01-08-02-02-02-14.wav,08,Surprised,Strong,Dogs are sitting by the door,2,14,Female
03-01-01-01-01-01-15.wav,..\data\raw\RAVDESS\Actor_15\03-01-01-01-01-01-15.wav,01,Neutral,Normal,Kids are talking by the door,1,15,Male
03-01-01-01-01-02-15.wav,..\data\raw\RAVDESS\Actor_15\03-01-01-01-01-02-15.wav,01,Neutral,Normal,Kids are talking by the door,2,15,Male
03-01-01-01-02-01-15.wav,..\data\raw\RAVDESS\Actor_15\03-01-01-01-02-01-15.wav,01,Neutral,Normal,Dogs are sitting by the door,1,15,Male
03-01-01-01-02-02-15.wav,..\data\raw\RAVDESS\Actor_15\03-01-01-01-02-02-15.wav,01,Neutral,Normal,Dogs are sitting by the door,2,15,Male
03-01-02-01-01-01-15.wav,..\data\raw\RAVDESS\Actor_15\03-01-02-01-01-01-15.wav,02,Calm,Normal,Kids are talking by the door,1,15,Male
03-01-02-01-01-02-15.wav,..\data\raw\RAVDESS\Actor_15\03-01-02-01-01-02-15.wav,02,Calm,Normal,Kids are talking by the door,2,15,Male
03-01-02-01-02-01-15.wav,..\data\raw\RAVDESS\Actor_15\03-01-02-01-02-01-15.wav,02,Calm,Normal,Dogs are sitting by the door,1,15,Male
03-01-02-01-02-02-15.wav,..\data\raw\RAVDESS\Actor_15\03-01-02-01-02-02-15.wav,02,Calm,Normal,Dogs are sitting by the door,2,15,Male
03-01-02-02-01-01-15.wav,..\data\raw\RAVDESS\Actor_15\03-01-02-02-01-01-15.wav,02,Calm,Strong,Kids are talking by the door,1,15,Male
03-01-02-02-01-02-15.wav,..\data\raw\RAVDESS\Actor_15\03-01-02-02-01-02-15.wav,02,Calm,Strong,Kids are talking by the door,2,15,Male
03-01-02-02-02-01-15.wav,..\data\raw\RAVDESS\Actor_15\03-01-02-02-02-01-15.wav,02,Calm,Strong,Dogs are sitting by the door,1,15,Male
03-01-02-02-02-02-15.wav,..\data\raw\RAVDESS\Actor_15\03-01-02-02-02-02-15.wav,02,Calm,Strong,Dogs are sitting by the door,2,15,Male
03-01-03-01-01-01-15.wav,..\data\raw\RAVDESS\Actor_15\03-01-03-01-01-01-15.wav,03,Happy,Normal,Kids are talking by the door,1,15,Male
03-01-03-01-01-02-15.wav,..\data\raw\RAVDESS\Actor_15\03-01-03-01-01-02-15.wav,03,Happy,Normal,Kids are talking by the door,2,15,Male
03-01-03-01-02-01-15.wav,..\data\raw\RAVDESS\Actor_15\03-01-03-01-02-01-15.wav,03,Happy,Normal,Dogs are sitting by the door,1,15,Male
03-01-03-01-02-02-15.wav,..\data\raw\RAVDESS\Actor_15\03-01-03-01-02-02-15.wav,03,Happy,Normal,Dogs are sitting by the door,2,15,Male
03-01-03-02-01-01-15.wav,..\data\raw\RAVDESS\Actor_15\03-01-03-02-01-01-15.wav,03,Happy,Strong,Kids are talking by the door,1,15,Male
03-01-03-02-01-02-15.wav,..\data\raw\RAVDESS\Actor_15\03-01-03-02-01-02-15.wav,03,Happy,Strong,Kids are talking by the door,2,15,Male
03-01-03-02-02-01-15.wav,..\data\raw\RAVDESS\Actor_15\03-01-03-02-02-01-15.wav,03,Happy,Strong,Dogs are sitting by the door,1,15,Male
03-01-03-02-02-02-15.wav,..\data\raw\RAVDESS\Actor_15\03-01-03-02-02-02-15.wav,03,Happy,Strong,Dogs are sitting by the door,2,15,Male
03-01-04-01-01-01-15.wav,..\data\raw\RAVDESS\Actor_15\03-01-04-01-01-01-15.wav,04,Sad,Normal,Kids are talking by the door,1,15,Male
03-01-04-01-01-02-15.wav,..\data\raw\RAVDESS\Actor_15\03-01-04-01-01-02-15.wav,04,Sad,Normal,Kids are talking by the door,2,15,Male
03-01-04-01-02-01-15.wav,..\data\raw\RAVDESS\Actor_15\03-01-04-01-02-01-15.wav,04,Sad,Normal,Dogs are sitting by the door,1,15,Male
03-01-04-01-02-02-15.wav,..\data\raw\RAVDESS\Actor_15\03-01-04-01-02-02-15.wav,04,Sad,Normal,Dogs are sitting by the door,2,15,Male
03-01-04-02-01-01-15.wav,..\data\raw\RAVDESS\Actor_15\03-01-04-02-01-01-15.wav,04,Sad,Strong,Kids are talking by the door,1,15,Male
03-01-04-02-01-02-15.wav,..\data\raw\RAVDESS\Actor_15\03-01-04-02-01-02-15.wav,04,Sad,Strong,Kids are talking by the door,2,15,Male
03-01-04-02-02-01-15.wav,..\data\raw\RAVDESS\Actor_15\03-01-04-02-02-01-15.wav,04,Sad,Strong,Dogs are sitting by the door,1,15,Male
03-01-04-02-02-02-15.wav,..\data\raw\RAVDESS\Actor_15\03-01-04-02-02-02-15.wav,04,Sad,Strong,Dogs are sitting by the door,2,15,Male
03-01-05-01-01-01-15.wav,..\data\raw\RAVDESS\Actor_15\03-01-05-01-01-01-15.wav,05,Angry,Normal,Kids are talking by the door,1,15,Male
03-01-05-01-01-02-15.wav,..\data\raw\RAVDESS\Actor_15\03-01-05-01-01-02-15.wav,05,Angry,Normal,Kids are talking by the door,2,15,Male
03-01-05-01-02-01-15.wav,..\data\raw\RAVDESS\Actor_15\03-01-05-01-02-01-15.wav,05,Angry,Normal,Dogs are sitting by the door,1,15,Male
03-01-05-01-02-02-15.wav,..\data\raw\RAVDESS\Actor_15\03-01-05-01-02-02-15.wav,05,Angry,Normal,Dogs are sitting by the door,2,15,Male
03-01-05-02-01-01-15.wav,..\data\raw\RAVDESS\Actor_15\03-01-05-02-01-01-15.wav,05,Angry,Strong,Kids are talking by the door,1,15,Male
03-01-05-02-01-02-15.wav,..\data\raw\RAVDESS\Actor_15\03-01-05-02-01-02-15.wav,05,Angry,Strong,Kids are talking by the door,2,15,Male
03-01-05-02-02-01-15.wav,..\data\raw\RAVDESS\Actor_15\03-01-05-02-02-01-15.wav,05,Angry,Strong,Dogs are sitting by the door,1,15,Male
03-01-05-02-02-02-15.wav,..\data\raw\RAVDESS\Actor_15\03-01-05-02-02-02-15.wav,05,Angry,Strong,Dogs are sitting by the door,2,15,Male
03-01-06-01-01-01-15.wav,..\data\raw\RAVDESS\Actor_15\03-01-06-01-01-01-15.wav,06,Fearful,Normal,Kids are talking by the door,1,15,Male
03-01-06-01-01-02-15.wav,..\data\raw\RAVDESS\Actor_15\03-01-06-01-01-02-15.wav,06,Fearful,Normal,Kids are talking by the door,2,15,Male
03-01-06-01-02-01-15.wav,..\data\raw\RAVDESS\Actor_15\03-01-06-01-02-01-15.wav,06,Fearful,Normal,Dogs are sitting by the door,1,15,Male
03-01-06-01-02-02-15.wav,..\data\raw\RAVDESS\Actor_15\03-01-06-01-02-02-15.wav,06,Fearful,Normal,Dogs are sitting by the door,2,15,Male
03-01-06-02-01-01-15.wav,..\data\raw\RAVDESS\Actor_15\03-01-06-02-01-01-15.wav,06,Fearful,Strong,Kids are talking by the door,1,15,Male
03-01-06-02-01-02-15.wav,..\data\raw\RAVDESS\Actor_15\03-01-06-02-01-02-15.wav,06,Fearful,Strong,Kids are talking by the door,2,15,Male
03-01-06-02-02-01-15.wav,..\data\raw\RAVDESS\Actor_15\03-01-06-02-02-01-15.wav,06,Fearful,Strong,Dogs are sitting by the door,1,15,Male
03-01-06-02-02-02-15.wav,..\data\raw\RAVDESS\Actor_15\03-01-06-02-02-02-15.wav,06,Fearful,Strong,Dogs are sitting by the door,2,15,Male
03-01-07-01-01-01-15.wav,..\data\raw\RAVDESS\Actor_15\03-01-07-01-01-01-15.wav,07,Disgust,Normal,Kids are talking by the door,1,15,Male
03-01-07-01-01-02-15.wav,..\data\raw\RAVDESS\Actor_15\03-01-07-01-01-02-15.wav,07,Disgust,Normal,Kids are talking by the door,2,15,Male
03-01-07-01-02-01-15.wav,..\data\raw\RAVDESS\Actor_15\03-01-07-01-02-01-15.wav,07,Disgust,Normal,Dogs are sitting by the door,1,15,Male
03-01-07-01-02-02-15.wav,..\data\raw\RAVDESS\Actor_15\03-01-07-01-02-02-15.wav,07,Disgust,Normal,Dogs are sitting by the door,2,15,Male
03-01-07-02-01-01-15.wav,..\data\raw\RAVDESS\Actor_15\03-01-07-02-01-01-15.wav,07,Disgust,Strong,Kids are talking by the door,1,15,Male
03-01-07-02-01-02-15.wav,..\data\raw\RAVDESS\Actor_15\03-01-07-02-01-02-15.wav,07,Disgust,Strong,Kids are talking by the door,2,15,Male
03-01-07-02-02-01-15.wav,..\data\raw\RAVDESS\Actor_15\03-01-07-02-02-01-15.wav,07,Disgust,Strong,Dogs are sitting by the door,1,15,Male
03-01-07-02-02-02-15.wav,..\data\raw\RAVDESS\Actor_15\03-01-07-02-02-02-15.wav,07,Disgust,Strong,Dogs are sitting by the door,2,15,Male
03-01-08-01-01-01-15.wav,..\data\raw\RAVDESS\Actor_15\03-01-08-01-01-01-15.wav,08,Surprised,Normal,Kids are talking by the door,1,15,Male
03-01-08-01-01-02-15.wav,..\data\raw\RAVDESS\Actor_15\03-01-08-01-01-02-15.wav,08,Surprised,Normal,Kids are talking by the door,2,15,Male
03-01-08-01-02-01-15.wav,..\data\raw\RAVDESS\Actor_15\03-01-08-01-02-01-15.wav,08,Surprised,Normal,Dogs are sitting by the door,1,15,Male
03-01-08-01-02-02-15.wav,..\data\raw\RAVDESS\Actor_15\03-01-08-01-02-02-15.wav,08,Surprised,Normal,Dogs are sitting by the door,2,15,Male
03-01-08-02-01-01-15.wav,..\data\raw\RAVDESS\Actor_15\03-01-08-02-01-01-15.wav,08,Surprised,Strong,Kids are talking by the door,1,15,Male
03-01-08-02-01-02-15.wav,..\data\raw\RAVDESS\Actor_15\03-01-08-02-01-02-15.wav,08,Surprised,Strong,Kids are talking by the door,2,15,Male
03-01-08-02-02-01-15.wav,..\data\raw\RAVDESS\Actor_15\03-01-08-02-02-01-15.wav,08,Surprised,Strong,Dogs are sitting by the door,1,15,Male
03-01-08-02-02-02-15.wav,..\data\raw\RAVDESS\Actor_15\03-01-08-02-02-02-15.wav,08,Surprised,Strong,Dogs are sitting by the door,2,15,Male
03-01-01-01-01-01-16.wav,..\data\raw\RAVDESS\Actor_16\03-01-01-01-01-01-16.wav,01,Neutral,Normal,Kids are talking by the door,1,16,Female
03-01-01-01-01-02-16.wav,..\data\raw\RAVDESS\Actor_16\03-01-01-01-01-02-16.wav,01,Neutral,Normal,Kids are talking by the door,2,16,Female
03-01-01-01-02-01-16.wav,..\data\raw\RAVDESS\Actor_16\03-01-01-01-02-01-16.wav,01,Neutral,Normal,Dogs are sitting by the door,1,16,Female
03-01-01-01-02-02-16.wav,..\data\raw\RAVDESS\Actor_16\03-01-01-01-02-02-16.wav,01,Neutral,Normal,Dogs are sitting by the door,2,16,Female
03-01-02-01-01-01-16.wav,..\data\raw\RAVDESS\Actor_16\03-01-02-01-01-01-16.wav,02,Calm,Normal,Kids are talking by the door,1,16,Female
03-01-02-01-01-02-16.wav,..\data\raw\RAVDESS\Actor_16\03-01-02-01-01-02-16.wav,02,Calm,Normal,Kids are talking by the door,2,16,Female
03-01-02-01-02-01-16.wav,..\data\raw\RAVDESS\Actor_16\03-01-02-01-02-01-16.wav,02,Calm,Normal,Dogs are sitting by the door,1,16,Female
03-01-02-01-02-02-16.wav,..\data\raw\RAVDESS\Actor_16\03-01-02-01-02-02-16.wav,02,Calm,Normal,Dogs are sitting by the door,2,16,Female
03-01-02-02-01-01-16.wav,..\data\raw\RAVDESS\Actor_16\03-01-02-02-01-01-16.wav,02,Calm,Strong,Kids are talking by the door,1,16,Female
03-01-02-02-01-02-16.wav,..\data\raw\RAVDESS\Actor_16\03-01-02-02-01-02-16.wav,02,Calm,Strong,Kids are talking by the door,2,16,Female
03-01-02-02-02-01-16.wav,..\data\raw\RAVDESS\Actor_16\03-01-02-02-02-01-16.wav,02,Calm,Strong,Dogs are sitting by the door,1,16,Female
03-01-02-02-02-02-16.wav,..\data\raw\RAVDESS\Actor_16\03-01-02-02-02-02-16.wav,02,Calm,Strong,Dogs are sitting by the door,2,16,Female
03-01-03-01-01-01-16.wav,..\data\raw\RAVDESS\Actor_16\03-01-03-01-01-01-16.wav,03,Happy,Normal,Kids are talking by the door,1,16,Female
03-01-03-01-01-02-16.wav,..\data\raw\RAVDESS\Actor_16\03-01-03-01-01-02-16.wav,03,Happy,Normal,Kids are talking by the door,2,16,Female
03-01-03-01-02-01-16.wav,..\data\raw\RAVDESS\Actor_16\03-01-03-01-02-01-16.wav,03,Happy,Normal,Dogs are sitting by the door,1,16,Female
03-01-03-01-02-02-16.wav,..\data\raw\RAVDESS\Actor_16\03-01-03-01-02-02-16.wav,03,Happy,Normal,Dogs are sitting by the door,2,16,Female
03-01-03-02-01-01-16.wav,..\data\raw\RAVDESS\Actor_16\03-01-03-02-01-01-16.wav,03,Happy,Strong,Kids are talking by the door,1,16,Female
03-01-03-02-01-02-16.wav,..\data\raw\RAVDESS\Actor_16\03-01-03-02-01-02-16.wav,03,Happy,Strong,Kids are talking by the door,2,16,Female
03-01-03-02-02-01-16.wav,..\data\raw\RAVDESS\Actor_16\03-01-03-02-02-01-16.wav,03,Happy,Strong,Dogs are sitting by the door,1,16,Female
03-01-03-02-02-02-16.wav,..\data\raw\RAVDESS\Actor_16\03-01-03-02-02-02-16.wav,03,Happy,Strong,Dogs are sitting by the door,2,16,Female
03-01-04-01-01-01-16.wav,..\data\raw\RAVDESS\Actor_16\03-01-04-01-01-01-16.wav,04,Sad,Normal,Kids are talking by the door,1,16,Female
03-01-04-01-01-02-16.wav,..\data\raw\RAVDESS\Actor_16\03-01-04-01-01-02-16.wav,04,Sad,Normal,Kids are talking by the door,2,16,Female
03-01-04-01-02-01-16.wav,..\data\raw\RAVDESS\Actor_16\03-01-04-01-02-01-16.wav,04,Sad,Normal,Dogs are sitting by the door,1,16,Female
03-01-04-01-02-02-16.wav,..\data\raw\RAVDESS\Actor_16\03-01-04-01-02-02-16.wav,04,Sad,Normal,Dogs are sitting by the door,2,16,Female
03-01-04-02-01-01-16.wav,..\data\raw\RAVDESS\Actor_16\03-01-04-02-01-01-16.wav,04,Sad,Strong,Kids are talking by the door,1,16,Female
03-01-04-02-01-02-16.wav,..\data\raw\RAVDESS\Actor_16\03-01-04-02-01-02-16.wav,04,Sad,Strong,Kids are talking by the door,2,16,Female
03-01-04-02-02-01-16.wav,..\data\raw\RAVDESS\Actor_16\03-01-04-02-02-01-16.wav,04,Sad,Strong,Dogs are sitting by the door,1,16,Female
03-01-04-02-02-02-16.wav,..\data\raw\RAVDESS\Actor_16\03-01-04-02-02-02-16.wav,04,Sad,Strong,Dogs are sitting by the door,2,16,Female
03-01-05-01-01-01-16.wav,..\data\raw\RAVDESS\Actor_16\03-01-05-01-01-01-16.wav,05,Angry,Normal,Kids are talking by the door,1,16,Female
03-01-05-01-01-02-16.wav,..\data\raw\RAVDESS\Actor_16\03-01-05-01-01-02-16.wav,05,Angry,Normal,Kids are talking by the door,2,16,Female
03-01-05-01-02-01-16.wav,..\data\raw\RAVDESS\Actor_16\03-01-05-01-02-01-16.wav,05,Angry,Normal,Dogs are sitting by the door,1,16,Female
03-01-05-01-02-02-16.wav,..\data\raw\RAVDESS\Actor_16\03-01-05-01-02-02-16.wav,05,Angry,Normal,Dogs are sitting by the door,2,16,Female
03-01-05-02-01-01-16.wav,..\data\raw\RAVDESS\Actor_16\03-01-05-02-01-01-16.wav,05,Angry,Strong,Kids are talking by the door,1,16,Female
03-01-05-02-01-02-16.wav,..\data\raw\RAVDESS\Actor_16\03-01-05-02-01-02-16.wav,05,Angry,Strong,Kids are talking by the door,2,16,Female
03-01-05-02-02-01-16.wav,..\data\raw\RAVDESS\Actor_16\03-01-05-02-02-01-16.wav,05,Angry,Strong,Dogs are sitting by the door,1,16,Female
03-01-05-02-02-02-16.wav,..\data\raw\RAVDESS\Actor_16\03-01-05-02-02-02-16.wav,05,Angry,Strong,Dogs are sitting by the door,2,16,Female
03-01-06-01-01-01-16.wav,..\data\raw\RAVDESS\Actor_16\03-01-06-01-01-01-16.wav,06,Fearful,Normal,Kids are talking by the door,1,16,Female
03-01-06-01-01-02-16.wav,..\data\raw\RAVDESS\Actor_16\03-01-06-01-01-02-16.wav,06,Fearful,Normal,Kids are talking by the door,2,16,Female
03-01-06-01-02-01-16.wav,..\data\raw\RAVDESS\Actor_16\03-01-06-01-02-01-16.wav,06,Fearful,Normal,Dogs are sitting by the door,1,16,Female
03-01-06-01-02-02-16.wav,..\data\raw\RAVDESS\Actor_16\03-01-06-01-02-02-16.wav,06,Fearful,Normal,Dogs are sitting by the door,2,16,Female
03-01-06-02-01-01-16.wav,..\data\raw\RAVDESS\Actor_16\03-01-06-02-01-01-16.wav,06,Fearful,Strong,Kids are talking by the door,1,16,Female
03-01-06-02-01-02-16.wav,..\data\raw\RAVDESS\Actor_16\03-01-06-02-01-02-16.wav,06,Fearful,Strong,Kids are talking by the door,2,16,Female
03-01-06-02-02-01-16.wav,..\data\raw\RAVDESS\Actor_16\03-01-06-02-02-01-16.wav,06,Fearful,Strong,Dogs are sitting by the door,1,16,Female
03-01-06-02-02-02-16.wav,..\data\raw\RAVDESS\Actor_16\03-01-06-02-02-02-16.wav,06,Fearful,Strong,Dogs are sitting by the door,2,16,Female
03-01-07-01-01-01-16.wav,..\data\raw\RAVDESS\Actor_16\03-01-07-01-01-01-16.wav,07,Disgust,Normal,Kids are talking by the door,1,16,Female
03-01-07-01-01-02-16.wav,..\data\raw\RAVDESS\Actor_16\03-01-07-01-01-02-16.wav,07,Disgust,Normal,Kids are talking by the door,2,16,Female
03-01-07-01-02-01-16.wav,..\data\raw\RAVDESS\Actor_16\03-01-07-01-02-01-16.wav,07,Disgust,Normal,Dogs are sitting by the door,1,16,Female
03-01-07-01-02-02-16.wav,..\data\raw\RAVDESS\Actor_16\03-01-07-01-02-02-16.wav,07,Disgust,Normal,Dogs are sitting by the door,2,16,Female
03-01-07-02-01-01-16.wav,..\data\raw\RAVDESS\Actor_16\03-01-07-02-01-01-16.wav,07,Disgust,Strong,Kids are talking by the door,1,16,Female
03-01-07-02-01-02-16.wav,..\data\raw\RAVDESS\Actor_16\03-01-07-02-01-02-16.wav,07,Disgust,Strong,Kids are talking by the door,2,16,Female
03-01-07-02-02-01-16.wav,..\data\raw\RAVDESS\Actor_16\03-01-07-02-02-01-16.wav,07,Disgust,Strong,Dogs are sitting by the door,1,16,Female
03-01-07-02-02-02-16.wav,..\data\raw\RAVDESS\Actor_16\03-01-07-02-02-02-16.wav,07,Disgust,Strong,Dogs are sitting by the door,2,16,Female
03-01-08-01-01-01-16.wav,..\data\raw\RAVDESS\Actor_16\03-01-08-01-01-01-16.wav,08,Surprised,Normal,Kids are talking by the door,1,16,Female
03-01-08-01-01-02-16.wav,..\data\raw\RAVDESS\Actor_16\03-01-08-01-01-02-16.wav,08,Surprised,Normal,Kids are talking by the door,2,16,Female
03-01-08-01-02-01-16.wav,..\data\raw\RAVDESS\Actor_16\03-01-08-01-02-01-16.wav,08,Surprised,Normal,Dogs are sitting by the door,1,16,Female
03-01-08-01-02-02-16.wav,..\data\raw\RAVDESS\Actor_16\03-01-08-01-02-02-16.wav,08,Surprised,Normal,Dogs are sitting by the door,2,16,Female
03-01-08-02-01-01-16.wav,..\data\raw\RAVDESS\Actor_16\03-01-08-02-01-01-16.wav,08,Surprised,Strong,Kids are talking by the door,1,16,Female
03-01-08-02-01-02-16.wav,..\data\raw\RAVDESS\Actor_16\03-01-08-02-01-02-16.wav,08,Surprised,Strong,Kids are talking by the door,2,16,Female
03-01-08-02-02-01-16.wav,..\data\raw\RAVDESS\Actor_16\03-01-08-02-02-01-16.wav,08,Surprised,Strong,Dogs are sitting by the door,1,16,Female
03-01-08-02-02-02-16.wav,..\data\raw\RAVDESS\Actor_16\03-01-08-02-02-02-16.wav,08,Surprised,Strong,Dogs are sitting by the door,2,16,Female
03-01-01-01-01-01-17.wav,..\data\raw\RAVDESS\Actor_17\03-01-01-01-01-01-17.wav,01,Neutral,Normal,Kids are talking by the door,1,17,Male
03-01-01-01-01-02-17.wav,..\data\raw\RAVDESS\Actor_17\03-01-01-01-01-02-17.wav,01,Neutral,Normal,Kids are talking by the door,2,17,Male
03-01-01-01-02-01-17.wav,..\data\raw\RAVDESS\Actor_17\03-01-01-01-02-01-17.wav,01,Neutral,Normal,Dogs are sitting by the door,1,17,Male
03-01-01-01-02-02-17.wav,..\data\raw\RAVDESS\Actor_17\03-01-01-01-02-02-17.wav,01,Neutral,Normal,Dogs are sitting by the door,2,17,Male
03-01-02-01-01-01-17.wav,..\data\raw\RAVDESS\Actor_17\03-01-02-01-01-01-17.wav,02,Calm,Normal,Kids are talking by the door,1,17,Male
03-01-02-01-01-02-17.wav,..\data\raw\RAVDESS\Actor_17\03-01-02-01-01-02-17.wav,02,Calm,Normal,Kids are talking by the door,2,17,Male
03-01-02-01-02-01-17.wav,..\data\raw\RAVDESS\Actor_17\03-01-02-01-02-01-17.wav,02,Calm,Normal,Dogs are sitting by the door,1,17,Male
03-01-02-01-02-02-17.wav,..\data\raw\RAVDESS\Actor_17\03-01-02-01-02-02-17.wav,02,Calm,Normal,Dogs are sitting by the door,2,17,Male
03-01-02-02-01-01-17.wav,..\data\raw\RAVDESS\Actor_17\03-01-02-02-01-01-17.wav,02,Calm,Strong,Kids are talking by the door,1,17,Male
03-01-02-02-01-02-17.wav,..\data\raw\RAVDESS\Actor_17\03-01-02-02-01-02-17.wav,02,Calm,Strong,Kids are talking by the door,2,17,Male
03-01-02-02-02-01-17.wav,..\data\raw\RAVDESS\Actor_17\03-01-02-02-02-01-17.wav,02,Calm,Strong,Dogs are sitting by the door,1,17,Male
03-01-02-02-02-02-17.wav,..\data\raw\RAVDESS\Actor_17\03-01-02-02-02-02-17.wav,02,Calm,Strong,Dogs are sitting by the door,2,17,Male
03-01-03-01-01-01-17.wav,..\data\raw\RAVDESS\Actor_17\03-01-03-01-01-01-17.wav,03,Happy,Normal,Kids are talking by the door,1,17,Male
03-01-03-01-01-02-17.wav,..\data\raw\RAVDESS\Actor_17\03-01-03-01-01-02-17.wav,03,Happy,Normal,Kids are talking by the door,2,17,Male
03-01-03-01-02-01-17.wav,..\data\raw\RAVDESS\Actor_17\03-01-03-01-02-01-17.wav,03,Happy,Normal,Dogs are sitting by the door,1,17,Male
03-01-03-01-02-02-17.wav,..\data\raw\RAVDESS\Actor_17\03-01-03-01-02-02-17.wav,03,Happy,Normal,Dogs are sitting by the door,2,17,Male
03-01-03-02-01-01-17.wav,..\data\raw\RAVDESS\Actor_17\03-01-03-02-01-01-17.wav,03,Happy,Strong,Kids are talking by the door,1,17,Male
03-01-03-02-01-02-17.wav,..\data\raw\RAVDESS\Actor_17\03-01-03-02-01-02-17.wav,03,Happy,Strong,Kids are talking by the door,2,17,Male
03-01-03-02-02-01-17.wav,..\data\raw\RAVDESS\Actor_17\03-01-03-02-02-01-17.wav,03,Happy,Strong,Dogs are sitting by the door,1,17,Male
03-01-03-02-02-02-17.wav,..\data\raw\RAVDESS\Actor_17\03-01-03-02-02-02-17.wav,03,Happy,Strong,Dogs are sitting by the door,2,17,Male
03-01-04-01-01-01-17.wav,..\data\raw\RAVDESS\Actor_17\03-01-04-01-01-01-17.wav,04,Sad,Normal,Kids are talking by the door,1,17,Male
03-01-04-01-01-02-17.wav,..\data\raw\RAVDESS\Actor_17\03-01-04-01-01-02-17.wav,04,Sad,Normal,Kids are talking by the door,2,17,Male
03-01-04-01-02-01-17.wav,..\data\raw\RAVDESS\Actor_17\03-01-04-01-02-01-17.wav,04,Sad,Normal,Dogs are sitting by the door,1,17,Male
03-01-04-01-02-02-17.wav,..\data\raw\RAVDESS\Actor_17\03-01-04-01-02-02-17.wav,04,Sad,Normal,Dogs are sitting by the door,2,17,Male
03-01-04-02-01-01-17.wav,..\data\raw\RAVDESS\Actor_17\03-01-04-02-01-01-17.wav,04,Sad,Strong,Kids are talking by the door,1,17,Male
03-01-04-02-01-02-17.wav,..\data\raw\RAVDESS\Actor_17\03-01-04-02-01-02-17.wav,04,Sad,Strong,Kids are talking by the door,2,17,Male
03-01-04-02-02-01-17.wav,..\data\raw\RAVDESS\Actor_17\03-01-04-02-02-01-17.wav,04,Sad,Strong,Dogs are sitting by the door,1,17,Male
03-01-04-02-02-02-17.wav,..\data\raw\RAVDESS\Actor_17\03-01-04-02-02-02-17.wav,04,Sad,Strong,Dogs are sitting by the door,2,17,Male
03-01-05-01-01-01-17.wav,..\data\raw\RAVDESS\Actor_17\03-01-05-01-01-01-17.wav,05,Angry,Normal,Kids are talking by the door,1,17,Male
03-01-05-01-01-02-17.wav,..\data\raw\RAVDESS\Actor_17\03-01-05-01-01-02-17.wav,05,Angry,Normal,Kids are talking by the door,2,17,Male
03-01-05-01-02-01-17.wav,..\data\raw\RAVDESS\Actor_17\03-01-05-01-02-01-17.wav,05,Angry,Normal,Dogs are sitting by the door,1,17,Male
03-01-05-01-02-02-17.wav,..\data\raw\RAVDESS\Actor_17\03-01-05-01-02-02-17.wav,05,Angry,Normal,Dogs are sitting by the door,2,17,Male
03-01-05-02-01-01-17.wav,..\data\raw\RAVDESS\Actor_17\03-01-05-02-01-01-17.wav,05,Angry,Strong,Kids are talking by the door,1,17,Male
03-01-05-02-01-02-17.wav,..\data\raw\RAVDESS\Actor_17\03-01-05-02-01-02-17.wav,05,Angry,Strong,Kids are talking by the door,2,17,Male
03-01-05-02-02-01-17.wav,..\data\raw\RAVDESS\Actor_17\03-01-05-02-02-01-17.wav,05,Angry,Strong,Dogs are sitting by the door,1,17,Male
03-01-05-02-02-02-17.wav,..\data\raw\RAVDESS\Actor_17\03-01-05-02-02-02-17.wav,05,Angry,Strong,Dogs are sitting by the door,2,17,Male
03-01-06-01-01-01-17.wav,..\data\raw\RAVDESS\Actor_17\03-01-06-01-01-01-17.wav,06,Fearful,Normal,Kids are talking by the door,1,17,Male
03-01-06-01-01-02-17.wav,..\data\raw\RAVDESS\Actor_17\03-01-06-01-01-02-17.wav,06,Fearful,Normal,Kids are talking by the door,2,17,Male
03-01-06-01-02-01-17.wav,..\data\raw\RAVDESS\Actor_17\03-01-06-01-02-01-17.wav,06,Fearful,Normal,Dogs are sitting by the door,1,17,Male
03-01-06-01-02-02-17.wav,..\data\raw\RAVDESS\Actor_17\03-01-06-01-02-02-17.wav,06,Fearful,Normal,Dogs are sitting by the door,2,17,Male
03-01-06-02-01-01-17.wav,..\data\raw\RAVDESS\Actor_17\03-01-06-02-01-01-17.wav,06,Fearful,Strong,Kids are talking by the door,1,17,Male
03-01-06-02-01-02-17.wav,..\data\raw\RAVDESS\Actor_17\03-01-06-02-01-02-17.wav,06,Fearful,Strong,Kids are talking by the door,2,17,Male
03-01-06-02-02-01-17.wav,..\data\raw\RAVDESS\Actor_17\03-01-06-02-02-01-17.wav,06,Fearful,Strong,Dogs are sitting by the door,1,17,Male
03-01-06-02-02-02-17.wav,..\data\raw\RAVDESS\Actor_17\03-01-06-02-02-02-17.wav,06,Fearful,Strong,Dogs are sitting by the door,2,17,Male
03-01-07-01-01-01-17.wav,..\data\raw\RAVDESS\Actor_17\03-01-07-01-01-01-17.wav,07,Disgust,Normal,Kids are talking by the door,1,17,Male
03-01-07-01-01-02-17.wav,..\data\raw\RAVDESS\Actor_17\03-01-07-01-01-02-17.wav,07,Disgust,Normal,Kids are talking by the door,2,17,Male
03-01-07-01-02-01-17.wav,..\data\raw\RAVDESS\Actor_17\03-01-07-01-02-01-17.wav,07,Disgust,Normal,Dogs are sitting by the door,1,17,Male
03-01-07-01-02-02-17.wav,..\data\raw\RAVDESS\Actor_17\03-01-07-01-02-02-17.wav,07,Disgust,Normal,Dogs are sitting by the door,2,17,Male
03-01-07-02-01-01-17.wav,..\data\raw\RAVDESS\Actor_17\03-01-07-02-01-01-17.wav,07,Disgust,Strong,Kids are talking by the door,1,17,Male
03-01-07-02-01-02-17.wav,..\data\raw\RAVDESS\Actor_17\03-01-07-02-01-02-17.wav,07,Disgust,Strong,Kids are talking by the door,2,17,Male
03-01-07-02-02-01-17.wav,..\data\raw\RAVDESS\Actor_17\03-01-07-02-02-01-17.wav,07,Disgust,Strong,Dogs are sitting by the door,1,17,Male
03-01-07-02-02-02-17.wav,..\data\raw\RAVDESS\Actor_17\03-01-07-02-02-02-17.wav,07,Disgust,Strong,Dogs are sitting by the door,2,17,Male
03-01-08-01-01-01-17.wav,..\data\raw\RAVDESS\Actor_17\03-01-08-01-01-01-17.wav,08,Surprised,Normal,Kids are talking by the door,1,17,Male
03-01-08-01-01-02-17.wav,..\data\raw\RAVDESS\Actor_17\03-01-08-01-01-02-17.wav,08,Surprised,Normal,Kids are talking by the door,2,17,Male
03-01-08-01-02-01-17.wav,..\data\raw\RAVDESS\Actor_17\03-01-08-01-02-01-17.wav,08,Surprised,Normal,Dogs are sitting by the door,1,17,Male
03-01-08-01-02-02-17.wav,..\data\raw\RAVDESS\Actor_17\03-01-08-01-02-02-17.wav,08,Surprised,Normal,Dogs are sitting by the door,2,17,Male
03-01-08-02-01-01-17.wav,..\data\raw\RAVDESS\Actor_17\03-01-08-02-01-01-17.wav,08,Surprised,Strong,Kids are talking by the door,1,17,Male
03-01-08-02-01-02-17.wav,..\data\raw\RAVDESS\Actor_17\03-01-08-02-01-02-17.wav,08,Surprised,Strong,Kids are talking by the door,2,17,Male
03-01-08-02-02-01-17.wav,..\data\raw\RAVDESS\Actor_17\03-01-08-02-02-01-17.wav,08,Surprised,Strong,Dogs are sitting by the door,1,17,Male
03-01-08-02-02-02-17.wav,..\data\raw\RAVDESS\Actor_17\03-01-08-02-02-02-17.wav,08,Surprised,Strong,Dogs are sitting by the door,2,17,Male
03-01-01-01-01-01-18.wav,..\data\raw\RAVDESS\Actor_18\03-01-01-01-01-01-18.wav,01,Neutral,Normal,Kids are talking by the door,1,18,Female
03-01-01-01-01-02-18.wav,..\data\raw\RAVDESS\Actor_18\03-01-01-01-01-02-18.wav,01,Neutral,Normal,Kids are talking by the door,2,18,Female
03-01-01-01-02-01-18.wav,..\data\raw\RAVDESS\Actor_18\03-01-01-01-02-01-18.wav,01,Neutral,Normal,Dogs are sitting by the door,1,18,Female
03-01-01-01-02-02-18.wav,..\data\raw\RAVDESS\Actor_18\03-01-01-01-02-02-18.wav,01,Neutral,Normal,Dogs are sitting by the door,2,18,Female
03-01-02-01-01-01-18.wav,..\data\raw\RAVDESS\Actor_18\03-01-02-01-01-01-18.wav,02,Calm,Normal,Kids are talking by the door,1,18,Female
03-01-02-01-01-02-18.wav,..\data\raw\RAVDESS\Actor_18\03-01-02-01-01-02-18.wav,02,Calm,Normal,Kids are talking by the door,2,18,Female
03-01-02-01-02-01-18.wav,..\data\raw\RAVDESS\Actor_18\03-01-02-01-02-01-18.wav,02,Calm,Normal,Dogs are sitting by the door,1,18,Female
03-01-02-01-02-02-18.wav,..\data\raw\RAVDESS\Actor_18\03-01-02-01-02-02-18.wav,02,Calm,Normal,Dogs are sitting by the door,2,18,Female
03-01-02-02-01-01-18.wav,..\data\raw\RAVDESS\Actor_18\03-01-02-02-01-01-18.wav,02,Calm,Strong,Kids are talking by the door,1,18,Female
03-01-02-02-01-02-18.wav,..\data\raw\RAVDESS\Actor_18\03-01-02-02-01-02-18.wav,02,Calm,Strong,Kids are talking by the door,2,18,Female
03-01-02-02-02-01-18.wav,..\data\raw\RAVDESS\Actor_18\03-01-02-02-02-01-18.wav,02,Calm,Strong,Dogs are sitting by the door,1,18,Female
03-01-02-02-02-02-18.wav,..\data\raw\RAVDESS\Actor_18\03-01-02-02-02-02-18.wav,02,Calm,Strong,Dogs are sitting by the door,2,18,Female
03-01-03-01-01-01-18.wav,..\data\raw\RAVDESS\Actor_18\03-01-03-01-01-01-18.wav,03,Happy,Normal,Kids are talking by the door,1,18,Female
03-01-03-01-01-02-18.wav,..\data\raw\RAVDESS\Actor_18\03-01-03-01-01-02-18.wav,03,Happy,Normal,Kids are talking by the door,2,18,Female
03-01-03-01-02-01-18.wav,..\data\raw\RAVDESS\Actor_18\03-01-03-01-02-01-18.wav,03,Happy,Normal,Dogs are sitting by the door,1,18,Female
03-01-03-01-02-02-18.wav,..\data\raw\RAVDESS\Actor_18\03-01-03-01-02-02-18.wav,03,Happy,Normal,Dogs are sitting by the door,2,18,Female
03-01-03-02-01-01-18.wav,..\data\raw\RAVDESS\Actor_18\03-01-03-02-01-01-18.wav,03,Happy,Strong,Kids are talking by the door,1,18,Female
03-01-03-02-01-02-18.wav,..\data\raw\RAVDESS\Actor_18\03-01-03-02-01-02-18.wav,03,Happy,Strong,Kids are talking by the door,2,18,Female
03-01-03-02-02-01-18.wav,..\data\raw\RAVDESS\Actor_18\03-01-03-02-02-01-18.wav,03,Happy,Strong,Dogs are sitting by the door,1,18,Female
03-01-03-02-02-02-18.wav,..\data\raw\RAVDESS\Actor_18\03-01-03-02-02-02-18.wav,03,Happy,Strong,Dogs are sitting by the door,2,18,Female
03-01-04-01-01-01-18.wav,..\data\raw\RAVDESS\Actor_18\03-01-04-01-01-01-18.wav,04,Sad,Normal,Kids are talking by the door,1,18,Female
03-01-04-01-01-02-18.wav,..\data\raw\RAVDESS\Actor_18\03-01-04-01-01-02-18.wav,04,Sad,Normal,Kids are talking by the door,2,18,Female
03-01-04-01-02-01-18.wav,..\data\raw\RAVDESS\Actor_18\03-01-04-01-02-01-18.wav,04,Sad,Normal,Dogs are sitting by the door,1,18,Female
03-01-04-01-02-02-18.wav,..\data\raw\RAVDESS\Actor_18\03-01-04-01-02-02-18.wav,04,Sad,Normal,Dogs are sitting by the door,2,18,Female
03-01-04-02-01-01-18.wav,..\data\raw\RAVDESS\Actor_18\03-01-04-02-01-01-18.wav,04,Sad,Strong,Kids are talking by the door,1,18,Female
03-01-04-02-01-02-18.wav,..\data\raw\RAVDESS\Actor_18\03-01-04-02-01-02-18.wav,04,Sad,Strong,Kids are talking by the door,2,18,Female
03-01-04-02-02-01-18.wav,..\data\raw\RAVDESS\Actor_18\03-01-04-02-02-01-18.wav,04,Sad,Strong,Dogs are sitting by the door,1,18,Female
03-01-04-02-02-02-18.wav,..\data\raw\RAVDESS\Actor_18\03-01-04-02-02-02-18.wav,04,Sad,Strong,Dogs are sitting by the door,2,18,Female
03-01-05-01-01-01-18.wav,..\data\raw\RAVDESS\Actor_18\03-01-05-01-01-01-18.wav,05,Angry,Normal,Kids are talking by the door,1,18,Female
03-01-05-01-01-02-18.wav,..\data\raw\RAVDESS\Actor_18\03-01-05-01-01-02-18.wav,05,Angry,Normal,Kids are talking by the door,2,18,Female
03-01-05-01-02-01-18.wav,..\data\raw\RAVDESS\Actor_18\03-01-05-01-02-01-18.wav,05,Angry,Normal,Dogs are sitting by the door,1,18,Female
03-01-05-01-02-02-18.wav,..\data\raw\RAVDESS\Actor_18\03-01-05-01-02-02-18.wav,05,Angry,Normal,Dogs are sitting by the door,2,18,Female
03-01-05-02-01-01-18.wav,..\data\raw\RAVDESS\Actor_18\03-01-05-02-01-01-18.wav,05,Angry,Strong,Kids are talking by the door,1,18,Female
03-01-05-02-01-02-18.wav,..\data\raw\RAVDESS\Actor_18\03-01-05-02-01-02-18.wav,05,Angry,Strong,Kids are talking by the door,2,18,Female
03-01-05-02-02-01-18.wav,..\data\raw\RAVDESS\Actor_18\03-01-05-02-02-01-18.wav,05,Angry,Strong,Dogs are sitting by the door,1,18,Female
03-01-05-02-02-02-18.wav,..\data\raw\RAVDESS\Actor_18\03-01-05-02-02-02-18.wav,05,Angry,Strong,Dogs are sitting by the door,2,18,Female
03-01-06-01-01-01-18.wav,..\data\raw\RAVDESS\Actor_18\03-01-06-01-01-01-18.wav,06,Fearful,Normal,Kids are talking by the door,1,18,Female
03-01-06-01-01-02-18.wav,..\data\raw\RAVDESS\Actor_18\03-01-06-01-01-02-18.wav,06,Fearful,Normal,Kids are talking by the door,2,18,Female
03-01-06-01-02-01-18.wav,..\data\raw\RAVDESS\Actor_18\03-01-06-01-02-01-18.wav,06,Fearful,Normal,Dogs are sitting by the door,1,18,Female
03-01-06-01-02-02-18.wav,..\data\raw\RAVDESS\Actor_18\03-01-06-01-02-02-18.wav,06,Fearful,Normal,Dogs are sitting by the door,2,18,Female
03-01-06-02-01-01-18.wav,..\data\raw\RAVDESS\Actor_18\03-01-06-02-01-01-18.wav,06,Fearful,Strong,Kids are talking by the door,1,18,Female
03-01-06-02-01-02-18.wav,..\data\raw\RAVDESS\Actor_18\03-01-06-02-01-02-18.wav,06,Fearful,Strong,Kids are talking by the door,2,18,Female
03-01-06-02-02-01-18.wav,..\data\raw\RAVDESS\Actor_18\03-01-06-02-02-01-18.wav,06,Fearful,Strong,Dogs are sitting by the door,1,18,Female
03-01-06-02-02-02-18.wav,..\data\raw\RAVDESS\Actor_18\03-01-06-02-02-02-18.wav,06,Fearful,Strong,Dogs are sitting by the door,2,18,Female
03-01-07-01-01-01-18.wav,..\data\raw\RAVDESS\Actor_18\03-01-07-01-01-01-18.wav,07,Disgust,Normal,Kids are talking by the door,1,18,Female
03-01-07-01-01-02-18.wav,..\data\raw\RAVDESS\Actor_18\03-01-07-01-01-02-18.wav,07,Disgust,Normal,Kids are talking by the door,2,18,Female
03-01-07-01-02-01-18.wav,..\data\raw\RAVDESS\Actor_18\03-01-07-01-02-01-18.wav,07,Disgust,Normal,Dogs are sitting by the door,1,18,Female
03-01-07-01-02-02-18.wav,..\data\raw\RAVDESS\Actor_18\03-01-07-01-02-02-18.wav,07,Disgust,Normal,Dogs are sitting by the door,2,18,Female
03-01-07-02-01-01-18.wav,..\data\raw\RAVDESS\Actor_18\03-01-07-02-01-01-18.wav,07,Disgust,Strong,Kids are talking by the door,1,18,Female
03-01-07-02-01-02-18.wav,..\data\raw\RAVDESS\Actor_18\03-01-07-02-01-02-18.wav,07,Disgust,Strong,Kids are talking by the door,2,18,Female
03-01-07-02-02-01-18.wav,..\data\raw\RAVDESS\Actor_18\03-01-07-02-02-01-18.wav,07,Disgust,Strong,Dogs are sitting by the door,1,18,Female
03-01-07-02-02-02-18.wav,..\data\raw\RAVDESS\Actor_18\03-01-07-02-02-02-18.wav,07,Disgust,Strong,Dogs are sitting by the door,2,18,Female
03-01-08-01-01-01-18.wav,..\data\raw\RAVDESS\Actor_18\03-01-08-01-01-01-18.wav,08,Surprised,Normal,Kids are talking by the door,1,18,Female
03-01-08-01-01-02-18.wav,..\data\raw\RAVDESS\Actor_18\03-01-08-01-01-02-18.wav,08,Surprised,Normal,Kids are talking by the door,2,18,Female
03-01-08-01-02-01-18.wav,..\data\raw\RAVDESS\Actor_18\03-01-08-01-02-01-18.wav,08,Surprised,Normal,Dogs are sitting by the door,1,18,Female
03-01-08-01-02-02-18.wav,..\data\raw\RAVDESS\Actor_18\03-01-08-01-02-02-18.wav,08,Surprised,Normal,Dogs are sitting by the door,2,18,Female
03-01-08-02-01-01-18.wav,..\data\raw\RAVDESS\Actor_18\03-01-08-02-01-01-18.wav,08,Surprised,Strong,Kids are talking by the door,1,18,Female
03-01-08-02-01-02-18.wav,..\data\raw\RAVDESS\Actor_18\03-01-08-02-01-02-18.wav,08,Surprised,Strong,Kids are talking by the door,2,18,Female
03-01-08-02-02-01-18.wav,..\data\raw\RAVDESS\Actor_18\03-01-08-02-02-01-18.wav,08,Surprised,Strong,Dogs are sitting by the door,1,18,Female
03-01-08-02-02-02-18.wav,..\data\raw\RAVDESS\Actor_18\03-01-08-02-02-02-18.wav,08,Surprised,Strong,Dogs are sitting by the door,2,18,Female
03-01-01-01-01-01-19.wav,..\data\raw\RAVDESS\Actor_19\03-01-01-01-01-01-19.wav,01,Neutral,Normal,Kids are talking by the door,1,19,Male
03-01-01-01-01-02-19.wav,..\data\raw\RAVDESS\Actor_19\03-01-01-01-01-02-19.wav,01,Neutral,Normal,Kids are talking by the door,2,19,Male
03-01-01-01-02-01-19.wav,..\data\raw\RAVDESS\Actor_19\03-01-01-01-02-01-19.wav,01,Neutral,Normal,Dogs are sitting by the door,1,19,Male
03-01-01-01-02-02-19.wav,..\data\raw\RAVDESS\Actor_19\03-01-01-01-02-02-19.wav,01,Neutral,Normal,Dogs are sitting by the door,2,19,Male
03-01-02-01-01-01-19.wav,..\data\raw\RAVDESS\Actor_19\03-01-02-01-01-01-19.wav,02,Calm,Normal,Kids are talking by the door,1,19,Male
03-01-02-01-01-02-19.wav,..\data\raw\RAVDESS\Actor_19\03-01-02-01-01-02-19.wav,02,Calm,Normal,Kids are talking by the door,2,19,Male
03-01-02-01-02-01-19.wav,..\data\raw\RAVDESS\Actor_19\03-01-02-01-02-01-19.wav,02,Calm,Normal,Dogs are sitting by the door,1,19,Male
03-01-02-01-02-02-19.wav,..\data\raw\RAVDESS\Actor_19\03-01-02-01-02-02-19.wav,02,Calm,Normal,Dogs are sitting by the door,2,19,Male
03-01-02-02-01-01-19.wav,..\data\raw\RAVDESS\Actor_19\03-01-02-02-01-01-19.wav,02,Calm,Strong,Kids are talking by the door,1,19,Male
03-01-02-02-01-02-19.wav,..\data\raw\RAVDESS\Actor_19\03-01-02-02-01-02-19.wav,02,Calm,Strong,Kids are talking by the door,2,19,Male
03-01-02-02-02-01-19.wav,..\data\raw\RAVDESS\Actor_19\03-01-02-02-02-01-19.wav,02,Calm,Strong,Dogs are sitting by the door,1,19,Male
03-01-02-02-02-02-19.wav,..\data\raw\RAVDESS\Actor_19\03-01-02-02-02-02-19.wav,02,Calm,Strong,Dogs are sitting by the door,2,19,Male
03-01-03-01-01-01-19.wav,..\data\raw\RAVDESS\Actor_19\03-01-03-01-01-01-19.wav,03,Happy,Normal,Kids are talking by the door,1,19,Male
03-01-03-01-01-02-19.wav,..\data\raw\RAVDESS\Actor_19\03-01-03-01-01-02-19.wav,03,Happy,Normal,Kids are talking by the door,2,19,Male
03-01-03-01-02-01-19.wav,..\data\raw\RAVDESS\Actor_19\03-01-03-01-02-01-19.wav,03,Happy,Normal,Dogs are sitting by the door,1,19,Male
03-01-03-01-02-02-19.wav,..\data\raw\RAVDESS\Actor_19\03-01-03-01-02-02-19.wav,03,Happy,Normal,Dogs are sitting by the door,2,19,Male
03-01-03-02-01-01-19.wav,..\data\raw\RAVDESS\Actor_19\03-01-03-02-01-01-19.wav,03,Happy,Strong,Kids are talking by the door,1,19,Male
03-01-03-02-01-02-19.wav,..\data\raw\RAVDESS\Actor_19\03-01-03-02-01-02-19.wav,03,Happy,Strong,Kids are talking by the door,2,19,Male
03-01-03-02-02-01-19.wav,..\data\raw\RAVDESS\Actor_19\03-01-03-02-02-01-19.wav,03,Happy,Strong,Dogs are sitting by the door,1,19,Male
03-01-03-02-02-02-19.wav,..\data\raw\RAVDESS\Actor_19\03-01-03-02-02-02-19.wav,03,Happy,Strong,Dogs are sitting by the door,2,19,Male
03-01-04-01-01-01-19.wav,..\data\raw\RAVDESS\Actor_19\03-01-04-01-01-01-19.wav,04,Sad,Normal,Kids are talking by the door,1,19,Male
03-01-04-01-01-02-19.wav,..\data\raw\RAVDESS\Actor_19\03-01-04-01-01-02-19.wav,04,Sad,Normal,Kids are talking by the door,2,19,Male
03-01-04-01-02-01-19.wav,..\data\raw\RAVDESS\Actor_19\03-01-04-01-02-01-19.wav,04,Sad,Normal,Dogs are sitting by the door,1,19,Male
03-01-04-01-02-02-19.wav,..\data\raw\RAVDESS\Actor_19\03-01-04-01-02-02-19.wav,04,Sad,Normal,Dogs are sitting by the door,2,19,Male
03-01-04-02-01-01-19.wav,..\data\raw\RAVDESS\Actor_19\03-01-04-02-01-01-19.wav,04,Sad,Strong,Kids are talking by the door,1,19,Male
03-01-04-02-01-02-19.wav,..\data\raw\RAVDESS\Actor_19\03-01-04-02-01-02-19.wav,04,Sad,Strong,Kids are talking by the door,2,19,Male
03-01-04-02-02-01-19.wav,..\data\raw\RAVDESS\Actor_19\03-01-04-02-02-01-19.wav,04,Sad,Strong,Dogs are sitting by the door,1,19,Male
03-01-04-02-02-02-19.wav,..\data\raw\RAVDESS\Actor_19\03-01-04-02-02-02-19.wav,04,Sad,Strong,Dogs are sitting by the door,2,19,Male
03-01-05-01-01-01-19.wav,..\data\raw\RAVDESS\Actor_19\03-01-05-01-01-01-19.wav,05,Angry,Normal,Kids are talking by the door,1,19,Male
03-01-05-01-01-02-19.wav,..\data\raw\RAVDESS\Actor_19\03-01-05-01-01-02-19.wav,05,Angry,Normal,Kids are talking by the door,2,19,Male
03-01-05-01-02-01-19.wav,..\data\raw\RAVDESS\Actor_19\03-01-05-01-02-01-19.wav,05,Angry,Normal,Dogs are sitting by the door,1,19,Male
03-01-05-01-02-02-19.wav,..\data\raw\RAVDESS\Actor_19\03-01-05-01-02-02-19.wav,05,Angry,Normal,Dogs are sitting by the door,2,19,Male
03-01-05-02-01-01-19.wav,..\data\raw\RAVDESS\Actor_19\03-01-05-02-01-01-19.wav,05,Angry,Strong,Kids are talking by the door,1,19,Male
03-01-05-02-01-02-19.wav,..\data\raw\RAVDESS\Actor_19\03-01-05-02-01-02-19.wav,05,Angry,Strong,Kids are talking by the door,2,19,Male
03-01-05-02-02-01-19.wav,..\data\raw\RAVDESS\Actor_19\03-01-05-02-02-01-19.wav,05,Angry,Strong,Dogs are sitting by the door,1,19,Male
03-01-05-02-02-02-19.wav,..\data\raw\RAVDESS\Actor_19\03-01-05-02-02-02-19.wav,05,Angry,Strong,Dogs are sitting by the door,2,19,Male
03-01-06-01-01-01-19.wav,..\data\raw\RAVDESS\Actor_19\03-01-06-01-01-01-19.wav,06,Fearful,Normal,Kids are talking by the door,1,19,Male
03-01-06-01-01-02-19.wav,..\data\raw\RAVDESS\Actor_19\03-01-06-01-01-02-19.wav,06,Fearful,Normal,Kids are talking by the door,2,19,Male
03-01-06-01-02-01-19.wav,..\data\raw\RAVDESS\Actor_19\03-01-06-01-02-01-19.wav,06,Fearful,Normal,Dogs are sitting by the door,1,19,Male
03-01-06-01-02-02-19.wav,..\data\raw\RAVDESS\Actor_19\03-01-06-01-02-02-19.wav,06,Fearful,Normal,Dogs are sitting by the door,2,19,Male
03-01-06-02-01-01-19.wav,..\data\raw\RAVDESS\Actor_19\03-01-06-02-01-01-19.wav,06,Fearful,Strong,Kids are talking by the door,1,19,Male
03-01-06-02-01-02-19.wav,..\data\raw\RAVDESS\Actor_19\03-01-06-02-01-02-19.wav,06,Fearful,Strong,Kids are talking by the door,2,19,Male
03-01-06-02-02-01-19.wav,..\data\raw\RAVDESS\Actor_19\03-01-06-02-02-01-19.wav,06,Fearful,Strong,Dogs are sitting by the door,1,19,Male
03-01-06-02-02-02-19.wav,..\data\raw\RAVDESS\Actor_19\03-01-06-02-02-02-19.wav,06,Fearful,Strong,Dogs are sitting by the door,2,19,Male
03-01-07-01-01-01-19.wav,..\data\raw\RAVDESS\Actor_19\03-01-07-01-01-01-19.wav,07,Disgust,Normal,Kids are talking by the door,1,19,Male
03-01-07-01-01-02-19.wav,..\data\raw\RAVDESS\Actor_19\03-01-07-01-01-02-19.wav,07,Disgust,Normal,Kids are talking by the door,2,19,Male
03-01-07-01-02-01-19.wav,..\data\raw\RAVDESS\Actor_19\03-01-07-01-02-01-19.wav,07,Disgust,Normal,Dogs are sitting by the door,1,19,Male
03-01-07-01-02-02-19.wav,..\data\raw\RAVDESS\Actor_19\03-01-07-01-02-02-19.wav,07,Disgust,Normal,Dogs are sitting by the door,2,19,Male
03-01-07-02-01-01-19.wav,..\data\raw\RAVDESS\Actor_19\03-01-07-02-01-01-19.wav,07,Disgust,Strong,Kids are talking by the door,1,19,Male
03-01-07-02-01-02-19.wav,..\data\raw\RAVDESS\Actor_19\03-01-07-02-01-02-19.wav,07,Disgust,Strong,Kids are talking by the door,2,19,Male
03-01-07-02-02-01-19.wav,..\data\raw\RAVDESS\Actor_19\03-01-07-02-02-01-19.wav,07,Disgust,Strong,Dogs are sitting by the door,1,19,Male
03-01-07-02-02-02-19.wav,..\data\raw\RAVDESS\Actor_19\03-01-07-02-02-02-19.wav,07,Disgust,Strong,Dogs are sitting by the door,2,19,Male
03-01-08-01-01-01-19.wav,..\data\raw\RAVDESS\Actor_19\03-01-08-01-01-01-19.wav,08,Surprised,Normal,Kids are talking by the door,1,19,Male
03-01-08-01-01-02-19.wav,..\data\raw\RAVDESS\Actor_19\03-01-08-01-01-02-19.wav,08,Surprised,Normal,Kids are talking by the door,2,19,Male
03-01-08-01-02-01-19.wav,..\data\raw\RAVDESS\Actor_19\03-01-08-01-02-01-19.wav,08,Surprised,Normal,Dogs are sitting by the door,1,19,Male
03-01-08-01-02-02-19.wav,..\data\raw\RAVDESS\Actor_19\03-01-08-01-02-02-19.wav,08,Surprised,Normal,Dogs are sitting by the door,2,19,Male
03-01-08-02-01-01-19.wav,..\data\raw\RAVDESS\Actor_19\03-01-08-02-01-01-19.wav,08,Surprised,Strong,Kids are talking by the door,1,19,Male
03-01-08-02-01-02-19.wav,..\data\raw\RAVDESS\Actor_19\03-01-08-02-01-02-19.wav,08,Surprised,Strong,Kids are talking by the door,2,19,Male
03-01-08-02-02-01-19.wav,..\data\raw\RAVDESS\Actor_19\03-01-08-02-02-01-19.wav,08,Surprised,Strong,Dogs are sitting by the door,1,19,Male
03-01-08-02-02-02-19.wav,..\data\raw\RAVDESS\Actor_19\03-01-08-02-02-02-19.wav,08,Surprised,Strong,Dogs are sitting by the door,2,19,Male
03-01-01-01-01-01-20.wav,..\data\raw\RAVDESS\Actor_20\03-01-01-01-01-01-20.wav,01,Neutral,Normal,Kids are talking by the door,1,20,Female
03-01-01-01-01-02-20.wav,..\data\raw\RAVDESS\Actor_20\03-01-01-01-01-02-20.wav,01,Neutral,Normal,Kids are talking by the door,2,20,Female
03-01-01-01-02-01-20.wav,..\data\raw\RAVDESS\Actor_20\03-01-01-01-02-01-20.wav,01,Neutral,Normal,Dogs are sitting by the door,1,20,Female
03-01-01-01-02-02-20.wav,..\data\raw\RAVDESS\Actor_20\03-01-01-01-02-02-20.wav,01,Neutral,Normal,Dogs are sitting by the door,2,20,Female
03-01-02-01-01-01-20.wav,..\data\raw\RAVDESS\Actor_20\03-01-02-01-01-01-20.wav,02,Calm,Normal,Kids are talking by the door,1,20,Female
03-01-02-01-01-02-20.wav,..\data\raw\RAVDESS\Actor_20\03-01-02-01-01-02-20.wav,02,Calm,Normal,Kids are talking by the door,2,20,Female
03-01-02-01-02-01-20.wav,..\data\raw\RAVDESS\Actor_20\03-01-02-01-02-01-20.wav,02,Calm,Normal,Dogs are sitting by the door,1,20,Female
03-01-02-01-02-02-20.wav,..\data\raw\RAVDESS\Actor_20\03-01-02-01-02-02-20.wav,02,Calm,Normal,Dogs are sitting by the door,2,20,Female
03-01-02-02-01-01-20.wav,..\data\raw\RAVDESS\Actor_20\03-01-02-02-01-01-20.wav,02,Calm,Strong,Kids are talking by the door,1,20,Female
03-01-02-02-01-02-20.wav,..\data\raw\RAVDESS\Actor_20\03-01-02-02-01-02-20.wav,02,Calm,Strong,Kids are talking by the door,2,20,Female
03-01-02-02-02-01-20.wav,..\data\raw\RAVDESS\Actor_20\03-01-02-02-02-01-20.wav,02,Calm,Strong,Dogs are sitting by the door,1,20,Female
03-01-02-02-02-02-20.wav,..\data\raw\RAVDESS\Actor_20\03-01-02-02-02-02-20.wav,02,Calm,Strong,Dogs are sitting by the door,2,20,Female
03-01-03-01-01-01-20.wav,..\data\raw\RAVDESS\Actor_20\03-01-03-01-01-01-20.wav,03,Happy,Normal,Kids are talking by the door,1,20,Female
03-01-03-01-01-02-20.wav,..\data\raw\RAVDESS\Actor_20\03-01-03-01-01-02-20.wav,03,Happy,Normal,Kids are talking by the door,2,20,Female
03-01-03-01-02-01-20.wav,..\data\raw\RAVDESS\Actor_20\03-01-03-01-02-01-20.wav,03,Happy,Normal,Dogs are sitting by the door,1,20,Female
03-01-03-01-02-02-20.wav,..\data\raw\RAVDESS\Actor_20\03-01-03-01-02-02-20.wav,03,Happy,Normal,Dogs are sitting by the door,2,20,Female
03-01-03-02-01-01-20.wav,..\data\raw\RAVDESS\Actor_20\03-01-03-02-01-01-20.wav,03,Happy,Strong,Kids are talking by the door,1,20,Female
03-01-03-02-01-02-20.wav,..\data\raw\RAVDESS\Actor_20\03-01-03-02-01-02-20.wav,03,Happy,Strong,Kids are talking by the door,2,20,Female
03-01-03-02-02-01-20.wav,..\data\raw\RAVDESS\Actor_20\03-01-03-02-02-01-20.wav,03,Happy,Strong,Dogs are sitting by the door,1,20,Female
03-01-03-02-02-02-20.wav,..\data\raw\RAVDESS\Actor_20\03-01-03-02-02-02-20.wav,03,Happy,Strong,Dogs are sitting by the door,2,20,Female
03-01-04-01-01-01-20.wav,..\data\raw\RAVDESS\Actor_20\03-01-04-01-01-01-20.wav,04,Sad,Normal,Kids are talking by the door,1,20,Female
03-01-04-01-01-02-20.wav,..\data\raw\RAVDESS\Actor_20\03-01-04-01-01-02-20.wav,04,Sad,Normal,Kids are talking by the door,2,20,Female
03-01-04-01-02-01-20.wav,..\data\raw\RAVDESS\Actor_20\03-01-04-01-02-01-20.wav,04,Sad,Normal,Dogs are sitting by the door,1,20,Female
03-01-04-01-02-02-20.wav,..\data\raw\RAVDESS\Actor_20\03-01-04-01-02-02-20.wav,04,Sad,Normal,Dogs are sitting by the door,2,20,Female
03-01-04-02-01-01-20.wav,..\data\raw\RAVDESS\Actor_20\03-01-04-02-01-01-20.wav,04,Sad,Strong,Kids are talking by the door,1,20,Female
03-01-04-02-01-02-20.wav,..\data\raw\RAVDESS\Actor_20\03-01-04-02-01-02-20.wav,04,Sad,Strong,Kids are talking by the door,2,20,Female
03-01-04-02-02-01-20.wav,..\data\raw\RAVDESS\Actor_20\03-01-04-02-02-01-20.wav,04,Sad,Strong,Dogs are sitting by the door,1,20,Female
03-01-04-02-02-02-20.wav,..\data\raw\RAVDESS\Actor_20\03-01-04-02-02-02-20.wav,04,Sad,Strong,Dogs are sitting by the door,2,20,Female
03-01-05-01-01-01-20.wav,..\data\raw\RAVDESS\Actor_20\03-01-05-01-01-01-20.wav,05,Angry,Normal,Kids are talking by the door,1,20,Female
03-01-05-01-01-02-20.wav,..\data\raw\RAVDESS\Actor_20\03-01-05-01-01-02-20.wav,05,Angry,Normal,Kids are talking by the door,2,20,Female
03-01-05-01-02-01-20.wav,..\data\raw\RAVDESS\Actor_20\03-01-05-01-02-01-20.wav,05,Angry,Normal,Dogs are sitting by the door,1,20,Female
03-01-05-01-02-02-20.wav,..\data\raw\RAVDESS\Actor_20\03-01-05-01-02-02-20.wav,05,Angry,Normal,Dogs are sitting by the door,2,20,Female
03-01-05-02-01-01-20.wav,..\data\raw\RAVDESS\Actor_20\03-01-05-02-01-01-20.wav,05,Angry,Strong,Kids are talking by the door,1,20,Female
03-01-05-02-01-02-20.wav,..\data\raw\RAVDESS\Actor_20\03-01-05-02-01-02-20.wav,05,Angry,Strong,Kids are talking by the door,2,20,Female
03-01-05-02-02-01-20.wav,..\data\raw\RAVDESS\Actor_20\03-01-05-02-02-01-20.wav,05,Angry,Strong,Dogs are sitting by the door,1,20,Female
03-01-05-02-02-02-20.wav,..\data\raw\RAVDESS\Actor_20\03-01-05-02-02-02-20.wav,05,Angry,Strong,Dogs are sitting by the door,2,20,Female
03-01-06-01-01-01-20.wav,..\data\raw\RAVDESS\Actor_20\03-01-06-01-01-01-20.wav,06,Fearful,Normal,Kids are talking by the door,1,20,Female
03-01-06-01-01-02-20.wav,..\data\raw\RAVDESS\Actor_20\03-01-06-01-01-02-20.wav,06,Fearful,Normal,Kids are talking by the door,2,20,Female
03-01-06-01-02-01-20.wav,..\data\raw\RAVDESS\Actor_20\03-01-06-01-02-01-20.wav,06,Fearful,Normal,Dogs are sitting by the door,1,20,Female
03-01-06-01-02-02-20.wav,..\data\raw\RAVDESS\Actor_20\03-01-06-01-02-02-20.wav,06,Fearful,Normal,Dogs are sitting by the door,2,20,Female
03-01-06-02-01-01-20.wav,..\data\raw\RAVDESS\Actor_20\03-01-06-02-01-01-20.wav,06,Fearful,Strong,Kids are talking by the door,1,20,Female
03-01-06-02-01-02-20.wav,..\data\raw\RAVDESS\Actor_20\03-01-06-02-01-02-20.wav,06,Fearful,Strong,Kids are talking by the door,2,20,Female
03-01-06-02-02-01-20.wav,..\data\raw\RAVDESS\Actor_20\03-01-06-02-02-01-20.wav,06,Fearful,Strong,Dogs are sitting by the door,1,20,Female
03-01-06-02-02-02-20.wav,..\data\raw\RAVDESS\Actor_20\03-01-06-02-02-02-20.wav,06,Fearful,Strong,Dogs are sitting by the door,2,20,Female
03-01-07-01-01-01-20.wav,..\data\raw\RAVDESS\Actor_20\03-01-07-01-01-01-20.wav,07,Disgust,Normal,Kids are talking by the door,1,20,Female
03-01-07-01-01-02-20.wav,..\data\raw\RAVDESS\Actor_20\03-01-07-01-01-02-20.wav,07,Disgust,Normal,Kids are talking by the door,2,20,Female
03-01-07-01-02-01-20.wav,..\data\raw\RAVDESS\Actor_20\03-01-07-01-02-01-20.wav,07,Disgust,Normal,Dogs are sitting by the door,1,20,Female
03-01-07-01-02-02-20.wav,..\data\raw\RAVDESS\Actor_20\03-01-07-01-02-02-20.wav,07,Disgust,Normal,Dogs are sitting by the door,2,20,Female
03-01-07-02-01-01-20.wav,..\data\raw\RAVDESS\Actor_20\03-01-07-02-01-01-20.wav,07,Disgust,Strong,Kids are talking by the door,1,20,Female
03-01-07-02-01-02-20.wav,..\data\raw\RAVDESS\Actor_20\03-01-07-02-01-02-20.wav,07,Disgust,Strong,Kids are talking by the door,2,20,Female
03-01-07-02-02-01-20.wav,..\data\raw\RAVDESS\Actor_20\03-01-07-02-02-01-20.wav,07,Disgust,Strong,Dogs are sitting by the door,1,20,Female
03-01-07-02-02-02-20.wav,..\data\raw\RAVDESS\Actor_20\03-01-07-02-02-02-20.wav,07,Disgust,Strong,Dogs are sitting by the door,2,20,Female
03-01-08-01-01-01-20.wav,..\data\raw\RAVDESS\Actor_20\03-01-08-01-01-01-20.wav,08,Surprised,Normal,Kids are talking by the door,1,20,Female
03-01-08-01-01-02-20.wav,..\data\raw\RAVDESS\Actor_20\03-01-08-01-01-02-20.wav,08,Surprised,Normal,Kids are talking by the door,2,20,Female
03-01-08-01-02-01-20.wav,..\data\raw\RAVDESS\Actor_20\03-01-08-01-02-01-20.wav,08,Surprised,Normal,Dogs are sitting by the door,1,20,Female
03-01-08-01-02-02-20.wav,..\data\raw\RAVDESS\Actor_20\03-01-08-01-02-02-20.wav,08,Surprised,Normal,Dogs are sitting by the door,2,20,Female
03-01-08-02-01-01-20.wav,..\data\raw\RAVDESS\Actor_20\03-01-08-02-01-01-20.wav,08,Surprised,Strong,Kids are talking by the door,1,20,Female
03-01-08-02-01-02-20.wav,..\data\raw\RAVDESS\Actor_20\03-01-08-02-01-02-20.wav,08,Surprised,Strong,Kids are talking by the door,2,20,Female
03-01-08-02-02-01-20.wav,..\data\raw\RAVDESS\Actor_20\03-01-08-02-02-01-20.wav,08,Surprised,Strong,Dogs are sitting by the door,1,20,Female
03-01-08-02-02-02-20.wav,..\data\raw\RAVDESS\Actor_20\03-01-08-02-02-02-20.wav,08,Surprised,Strong,Dogs are sitting by the door,2,20,Female
03-01-01-01-01-01-21.wav,..\data\raw\RAVDESS\Actor_21\03-01-01-01-01-01-21.wav,01,Neutral,Normal,Kids are talking by the door,1,21,Male
03-01-01-01-01-02-21.wav,..\data\raw\RAVDESS\Actor_21\03-01-01-01-01-02-21.wav,01,Neutral,Normal,Kids are talking by the door,2,21,Male
03-01-01-01-02-01-21.wav,..\data\raw\RAVDESS\Actor_21\03-01-01-01-02-01-21.wav,01,Neutral,Normal,Dogs are sitting by the door,1,21,Male
03-01-01-01-02-02-21.wav,..\data\raw\RAVDESS\Actor_21\03-01-01-01-02-02-21.wav,01,Neutral,Normal,Dogs are sitting by the door,2,21,Male
03-01-02-01-01-01-21.wav,..\data\raw\RAVDESS\Actor_21\03-01-02-01-01-01-21.wav,02,Calm,Normal,Kids are talking by the door,1,21,Male
03-01-02-01-01-02-21.wav,..\data\raw\RAVDESS\Actor_21\03-01-02-01-01-02-21.wav,02,Calm,Normal,Kids are talking by the door,2,21,Male
03-01-02-01-02-01-21.wav,..\data\raw\RAVDESS\Actor_21\03-01-02-01-02-01-21.wav,02,Calm,Normal,Dogs are sitting by the door,1,21,Male
03-01-02-01-02-02-21.wav,..\data\raw\RAVDESS\Actor_21\03-01-02-01-02-02-21.wav,02,Calm,Normal,Dogs are sitting by the door,2,21,Male
03-01-02-02-01-01-21.wav,..\data\raw\RAVDESS\Actor_21\03-01-02-02-01-01-21.wav,02,Calm,Strong,Kids are talking by the door,1,21,Male
03-01-02-02-01-02-21.wav,..\data\raw\RAVDESS\Actor_21\03-01-02-02-01-02-21.wav,02,Calm,Strong,Kids are talking by the door,2,21,Male
03-01-02-02-02-01-21.wav,..\data\raw\RAVDESS\Actor_21\03-01-02-02-02-01-21.wav,02,Calm,Strong,Dogs are sitting by the door,1,21,Male
03-01-02-02-02-02-21.wav,..\data\raw\RAVDESS\Actor_21\03-01-02-02-02-02-21.wav,02,Calm,Strong,Dogs are sitting by the door,2,21,Male
03-01-03-01-01-01-21.wav,..\data\raw\RAVDESS\Actor_21\03-01-03-01-01-01-21.wav,03,Happy,Normal,Kids are talking by the door,1,21,Male
03-01-03-01-01-02-21.wav,..\data\raw\RAVDESS\Actor_21\03-01-03-01-01-02-21.wav,03,Happy,Normal,Kids are talking by the door,2,21,Male
03-01-03-01-02-01-21.wav,..\data\raw\RAVDESS\Actor_21\03-01-03-01-02-01-21.wav,03,Happy,Normal,Dogs are sitting by the door,1,21,Male
03-01-03-01-02-02-21.wav,..\data\raw\RAVDESS\Actor_21\03-01-03-01-02-02-21.wav,03,Happy,Normal,Dogs are sitting by the door,2,21,Male
03-01-03-02-01-01-21.wav,..\data\raw\RAVDESS\Actor_21\03-01-03-02-01-01-21.wav,03,Happy,Strong,Kids are talking by the door,1,21,Male
03-01-03-02-01-02-21.wav,..\data\raw\RAVDESS\Actor_21\03-01-03-02-01-02-21.wav,03,Happy,Strong,Kids are talking by the door,2,21,Male
03-01-03-02-02-01-21.wav,..\data\raw\RAVDESS\Actor_21\03-01-03-02-02-01-21.wav,03,Happy,Strong,Dogs are sitting by the door,1,21,Male
03-01-03-02-02-02-21.wav,..\data\raw\RAVDESS\Actor_21\03-01-03-02-02-02-21.wav,03,Happy,Strong,Dogs are sitting by the door,2,21,Male
03-01-04-01-01-01-21.wav,..\data\raw\RAVDESS\Actor_21\03-01-04-01-01-01-21.wav,04,Sad,Normal,Kids are talking by the door,1,21,Male
03-01-04-01-01-02-21.wav,..\data\raw\RAVDESS\Actor_21\03-01-04-01-01-02-21.wav,04,Sad,Normal,Kids are talking by the door,2,21,Male
03-01-04-01-02-01-21.wav,..\data\raw\RAVDESS\Actor_21\03-01-04-01-02-01-21.wav,04,Sad,Normal,Dogs are sitting by the door,1,21,Male
03-01-04-01-02-02-21.wav,..\data\raw\RAVDESS\Actor_21\03-01-04-01-02-02-21.wav,04,Sad,Normal,Dogs are sitting by the door,2,21,Male
03-01-04-02-01-01-21.wav,..\data\raw\RAVDESS\Actor_21\03-01-04-02-01-01-21.wav,04,Sad,Strong,Kids are talking by the door,1,21,Male
03-01-04-02-01-02-21.wav,..\data\raw\RAVDESS\Actor_21\03-01-04-02-01-02-21.wav,04,Sad,Strong,Kids are talking by the door,2,21,Male
03-01-04-02-02-01-21.wav,..\data\raw\RAVDESS\Actor_21\03-01-04-02-02-01-21.wav,04,Sad,Strong,Dogs are sitting by the door,1,21,Male
03-01-04-02-02-02-21.wav,..\data\raw\RAVDESS\Actor_21\03-01-04-02-02-02-21.wav,04,Sad,Strong,Dogs are sitting by the door,2,21,Male
03-01-05-01-01-01-21.wav,..\data\raw\RAVDESS\Actor_21\03-01-05-01-01-01-21.wav,05,Angry,Normal,Kids are talking by the door,1,21,Male
03-01-05-01-01-02-21.wav,..\data\raw\RAVDESS\Actor_21\03-01-05-01-01-02-21.wav,05,Angry,Normal,Kids are talking by the door,2,21,Male
03-01-05-01-02-01-21.wav,..\data\raw\RAVDESS\Actor_21\03-01-05-01-02-01-21.wav,05,Angry,Normal,Dogs are sitting by the door,1,21,Male
03-01-05-01-02-02-21.wav,..\data\raw\RAVDESS\Actor_21\03-01-05-01-02-02-21.wav,05,Angry,Normal,Dogs are sitting by the door,2,21,Male
03-01-05-02-01-01-21.wav,..\data\raw\RAVDESS\Actor_21\03-01-05-02-01-01-21.wav,05,Angry,Strong,Kids are talking by the door,1,21,Male
03-01-05-02-01-02-21.wav,..\data\raw\RAVDESS\Actor_21\03-01-05-02-01-02-21.wav,05,Angry,Strong,Kids are talking by the door,2,21,Male
03-01-05-02-02-01-21.wav,..\data\raw\RAVDESS\Actor_21\03-01-05-02-02-01-21.wav,05,Angry,Strong,Dogs are sitting by the door,1,21,Male
03-01-05-02-02-02-21.wav,..\data\raw\RAVDESS\Actor_21\03-01-05-02-02-02-21.wav,05,Angry,Strong,Dogs are sitting by the door,2,21,Male
03-01-06-01-01-01-21.wav,..\data\raw\RAVDESS\Actor_21\03-01-06-01-01-01-21.wav,06,Fearful,Normal,Kids are talking by the door,1,21,Male
03-01-06-01-01-02-21.wav,..\data\raw\RAVDESS\Actor_21\03-01-06-01-01-02-21.wav,06,Fearful,Normal,Kids are talking by the door,2,21,Male
03-01-06-01-02-01-21.wav,..\data\raw\RAVDESS\Actor_21\03-01-06-01-02-01-21.wav,06,Fearful,Normal,Dogs are sitting by the door,1,21,Male
03-01-06-01-02-02-21.wav,..\data\raw\RAVDESS\Actor_21\03-01-06-01-02-02-21.wav,06,Fearful,Normal,Dogs are sitting by the door,2,21,Male
03-01-06-02-01-01-21.wav,..\data\raw\RAVDESS\Actor_21\03-01-06-02-01-01-21.wav,06,Fearful,Strong,Kids are talking by the door,1,21,Male
03-01-06-02-01-02-21.wav,..\data\raw\RAVDESS\Actor_21\03-01-06-02-01-02-21.wav,06,Fearful,Strong,Kids are talking by the door,2,21,Male
03-01-06-02-02-01-21.wav,..\data\raw\RAVDESS\Actor_21\03-01-06-02-02-01-21.wav,06,Fearful,Strong,Dogs are sitting by the door,1,21,Male
03-01-06-02-02-02-21.wav,..\data\raw\RAVDESS\Actor_21\03-01-06-02-02-02-21.wav,06,Fearful,Strong,Dogs are sitting by the door,2,21,Male
03-01-07-01-01-01-21.wav,..\data\raw\RAVDESS\Actor_21\03-01-07-01-01-01-21.wav,07,Disgust,Normal,Kids are talking by the door,1,21,Male
03-01-07-01-01-02-21.wav,..\data\raw\RAVDESS\Actor_21\03-01-07-01-01-02-21.wav,07,Disgust,Normal,Kids are talking by the door,2,21,Male
03-01-07-01-02-01-21.wav,..\data\raw\RAVDESS\Actor_21\03-01-07-01-02-01-21.wav,07,Disgust,Normal,Dogs are sitting by the door,1,21,Male
03-01-07-01-02-02-21.wav,..\data\raw\RAVDESS\Actor_21\03-01-07-01-02-02-21.wav,07,Disgust,Normal,Dogs are sitting by the door,2,21,Male
03-01-07-02-01-01-21.wav,..\data\raw\RAVDESS\Actor_21\03-01-07-02-01-01-21.wav,07,Disgust,Strong,Kids are talking by the door,1,21,Male
03-01-07-02-01-02-21.wav,..\data\raw\RAVDESS\Actor_21\03-01-07-02-01-02-21.wav,07,Disgust,Strong,Kids are talking by the door,2,21,Male
03-01-07-02-02-01-21.wav,..\data\raw\RAVDESS\Actor_21\03-01-07-02-02-01-21.wav,07,Disgust,Strong,Dogs are sitting by the door,1,21,Male
03-01-07-02-02-02-21.wav,..\data\raw\RAVDESS\Actor_21\03-01-07-02-02-02-21.wav,07,Disgust,Strong,Dogs are sitting by the door,2,21,Male
03-01-08-01-01-01-21.wav,..\data\raw\RAVDESS\Actor_21\03-01-08-01-01-01-21.wav,08,Surprised,Normal,Kids are talking by the door,1,21,Male
03-01-08-01-01-02-21.wav,..\data\raw\RAVDESS\Actor_21\03-01-08-01-01-02-21.wav,08,Surprised,Normal,Kids are talking by the door,2,21,Male
03-01-08-01-02-01-21.wav,..\data\raw\RAVDESS\Actor_21\03-01-08-01-02-01-21.wav,08,Surprised,Normal,Dogs are sitting by the door,1,21,Male
03-01-08-01-02-02-21.wav,..\data\raw\RAVDESS\Actor_21\03-01-08-01-02-02-21.wav,08,Surprised,Normal,Dogs are sitting by the door,2,21,Male
03-01-08-02-01-01-21.wav,..\data\raw\RAVDESS\Actor_21\03-01-08-02-01-01-21.wav,08,Surprised,Strong,Kids are talking by the door,1,21,Male
03-01-08-02-01-02-21.wav,..\data\raw\RAVDESS\Actor_21\03-01-08-02-01-02-21.wav,08,Surprised,Strong,Kids are talking by the door,2,21,Male
03-01-08-02-02-01-21.wav,..\data\raw\RAVDESS\Actor_21\03-01-08-02-02-01-21.wav,08,Surprised,Strong,Dogs are sitting by the door,1,21,Male
03-01-08-02-02-02-21.wav,..\data\raw\RAVDESS\Actor_21\03-01-08-02-02-02-21.wav,08,Surprised,Strong,Dogs are sitting by the door,2,21,Male
03-01-01-01-01-01-22.wav,..\data\raw\RAVDESS\Actor_22\03-01-01-01-01-01-22.wav,01,Neutral,Normal,Kids are talking by the door,1,22,Female
03-01-01-01-01-02-22.wav,..\data\raw\RAVDESS\Actor_22\03-01-01-01-01-02-22.wav,01,Neutral,Normal,Kids are talking by the door,2,22,Female
03-01-01-01-02-01-22.wav,..\data\raw\RAVDESS\Actor_22\03-01-01-01-02-01-22.wav,01,Neutral,Normal,Dogs are sitting by the door,1,22,Female
03-01-01-01-02-02-22.wav,..\data\raw\RAVDESS\Actor_22\03-01-01-01-02-02-22.wav,01,Neutral,Normal,Dogs are sitting by the door,2,22,Female
03-01-02-01-01-01-22.wav,..\data\raw\RAVDESS\Actor_22\03-01-02-01-01-01-22.wav,02,Calm,Normal,Kids are talking by the door,1,22,Female
03-01-02-01-01-02-22.wav,..\data\raw\RAVDESS\Actor_22\03-01-02-01-01-02-22.wav,02,Calm,Normal,Kids are talking by the door,2,22,Female
03-01-02-01-02-01-22.wav,..\data\raw\RAVDESS\Actor_22\03-01-02-01-02-01-22.wav,02,Calm,Normal,Dogs are sitting by the door,1,22,Female
03-01-02-01-02-02-22.wav,..\data\raw\RAVDESS\Actor_22\03-01-02-01-02-02-22.wav,02,Calm,Normal,Dogs are sitting by the door,2,22,Female
03-01-02-02-01-01-22.wav,..\data\raw\RAVDESS\Actor_22\03-01-02-02-01-01-22.wav,02,Calm,Strong,Kids are talking by the door,1,22,Female
03-01-02-02-01-02-22.wav,..\data\raw\RAVDESS\Actor_22\03-01-02-02-01-02-22.wav,02,Calm,Strong,Kids are talking by the door,2,22,Female
03-01-02-02-02-01-22.wav,..\data\raw\RAVDESS\Actor_22\03-01-02-02-02-01-22.wav,02,Calm,Strong,Dogs are sitting by the door,1,22,Female
03-01-02-02-02-02-22.wav,..\data\raw\RAVDESS\Actor_22\03-01-02-02-02-02-22.wav,02,Calm,Strong,Dogs are sitting by the door,2,22,Female
03-01-03-01-01-01-22.wav,..\data\raw\RAVDESS\Actor_22\03-01-03-01-01-01-22.wav,03,Happy,Normal,Kids are talking by the door,1,22,Female
03-01-03-01-01-02-22.wav,..\data\raw\RAVDESS\Actor_22\03-01-03-01-01-02-22.wav,03,Happy,Normal,Kids are talking by the door,2,22,Female
03-01-03-01-02-01-22.wav,..\data\raw\RAVDESS\Actor_22\03-01-03-01-02-01-22.wav,03,Happy,Normal,Dogs are sitting by the door,1,22,Female
03-01-03-01-02-02-22.wav,..\data\raw\RAVDESS\Actor_22\03-01-03-01-02-02-22.wav,03,Happy,Normal,Dogs are sitting by the door,2,22,Female
03-01-03-02-01-01-22.wav,..\data\raw\RAVDESS\Actor_22\03-01-03-02-01-01-22.wav,03,Happy,Strong,Kids are talking by the door,1,22,Female
03-01-03-02-01-02-22.wav,..\data\raw\RAVDESS\Actor_22\03-01-03-02-01-02-22.wav,03,Happy,Strong,Kids are talking by the door,2,22,Female
03-01-03-02-02-01-22.wav,..\data\raw\RAVDESS\Actor_22\03-01-03-02-02-01-22.wav,03,Happy,Strong,Dogs are sitting by the door,1,22,Female
03-01-03-02-02-02-22.wav,..\data\raw\RAVDESS\Actor_22\03-01-03-02-02-02-22.wav,03,Happy,Strong,Dogs are sitting by the door,2,22,Female
03-01-04-01-01-01-22.wav,..\data\raw\RAVDESS\Actor_22\03-01-04-01-01-01-22.wav,04,Sad,Normal,Kids are talking by the door,1,22,Female
03-01-04-01-01-02-22.wav,..\data\raw\RAVDESS\Actor_22\03-01-04-01-01-02-22.wav,04,Sad,Normal,Kids are talking by the door,2,22,Female
03-01-04-01-02-01-22.wav,..\data\raw\RAVDESS\Actor_22\03-01-04-01-02-01-22.wav,04,Sad,Normal,Dogs are sitting by the door,1,22,Female
03-01-04-01-02-02-22.wav,..\data\raw\RAVDESS\Actor_22\03-01-04-01-02-02-22.wav,04,Sad,Normal,Dogs are sitting by the door,2,22,Female
03-01-04-02-01-01-22.wav,..\data\raw\RAVDESS\Actor_22\03-01-04-02-01-01-22.wav,04,Sad,Strong,Kids are talking by the door,1,22,Female
03-01-04-02-01-02-22.wav,..\data\raw\RAVDESS\Actor_22\03-01-04-02-01-02-22.wav,04,Sad,Strong,Kids are talking by the door,2,22,Female
03-01-04-02-02-01-22.wav,..\data\raw\RAVDESS\Actor_22\03-01-04-02-02-01-22.wav,04,Sad,Strong,Dogs are sitting by the door,1,22,Female
03-01-04-02-02-02-22.wav,..\data\raw\RAVDESS\Actor_22\03-01-04-02-02-02-22.wav,04,Sad,Strong,Dogs are sitting by the door,2,22,Female
03-01-05-01-01-01-22.wav,..\data\raw\RAVDESS\Actor_22\03-01-05-01-01-01-22.wav,05,Angry,Normal,Kids are talking by the door,1,22,Female
03-01-05-01-01-02-22.wav,..\data\raw\RAVDESS\Actor_22\03-01-05-01-01-02-22.wav,05,Angry,Normal,Kids are talking by the door,2,22,Female
03-01-05-01-02-01-22.wav,..\data\raw\RAVDESS\Actor_22\03-01-05-01-02-01-22.wav,05,Angry,Normal,Dogs are sitting by the door,1,22,Female
03-01-05-01-02-02-22.wav,..\data\raw\RAVDESS\Actor_22\03-01-05-01-02-02-22.wav,05,Angry,Normal,Dogs are sitting by the door,2,22,Female
03-01-05-02-01-01-22.wav,..\data\raw\RAVDESS\Actor_22\03-01-05-02-01-01-22.wav,05,Angry,Strong,Kids are talking by the door,1,22,Female
03-01-05-02-01-02-22.wav,..\data\raw\RAVDESS\Actor_22\03-01-05-02-01-02-22.wav,05,Angry,Strong,Kids are talking by the door,2,22,Female
03-01-05-02-02-01-22.wav,..\data\raw\RAVDESS\Actor_22\03-01-05-02-02-01-22.wav,05,Angry,Strong,Dogs are sitting by the door,1,22,Female
03-01-05-02-02-02-22.wav,..\data\raw\RAVDESS\Actor_22\03-01-05-02-02-02-22.wav,05,Angry,Strong,Dogs are sitting by the door,2,22,Female
03-01-06-01-01-01-22.wav,..\data\raw\RAVDESS\Actor_22\03-01-06-01-01-01-22.wav,06,Fearful,Normal,Kids are talking by the door,1,22,Female
03-01-06-01-01-02-22.wav,..\data\raw\RAVDESS\Actor_22\03-01-06-01-01-02-22.wav,06,Fearful,Normal,Kids are talking by the door,2,22,Female
03-01-06-01-02-01-22.wav,..\data\raw\RAVDESS\Actor_22\03-01-06-01-02-01-22.wav,06,Fearful,Normal,Dogs are sitting by the door,1,22,Female
03-01-06-01-02-02-22.wav,..\data\raw\RAVDESS\Actor_22\03-01-06-01-02-02-22.wav,06,Fearful,Normal,Dogs are sitting by the door,2,22,Female
03-01-06-02-01-01-22.wav,..\data\raw\RAVDESS\Actor_22\03-01-06-02-01-01-22.wav,06,Fearful,Strong,Kids are talking by the door,1,22,Female
03-01-06-02-01-02-22.wav,..\data\raw\RAVDESS\Actor_22\03-01-06-02-01-02-22.wav,06,Fearful,Strong,Kids are talking by the door,2,22,Female
03-01-06-02-02-01-22.wav,..\data\raw\RAVDESS\Actor_22\03-01-06-02-02-01-22.wav,06,Fearful,Strong,Dogs are sitting by the door,1,22,Female
03-01-06-02-02-02-22.wav,..\data\raw\RAVDESS\Actor_22\03-01-06-02-02-02-22.wav,06,Fearful,Strong,Dogs are sitting by the door,2,22,Female
03-01-07-01-01-01-22.wav,..\data\raw\RAVDESS\Actor_22\03-01-07-01-01-01-22.wav,07,Disgust,Normal,Kids are talking by the door,1,22,Female
03-01-07-01-01-02-22.wav,..\data\raw\RAVDESS\Actor_22\03-01-07-01-01-02-22.wav,07,Disgust,Normal,Kids are talking by the door,2,22,Female
03-01-07-01-02-01-22.wav,..\data\raw\RAVDESS\Actor_22\03-01-07-01-02-01-22.wav,07,Disgust,Normal,Dogs are sitting by the door,1,22,Female
03-01-07-01-02-02-22.wav,..\data\raw\RAVDESS\Actor_22\03-01-07-01-02-02-22.wav,07,Disgust,Normal,Dogs are sitting by the door,2,22,Female
03-01-07-02-01-01-22.wav,..\data\raw\RAVDESS\Actor_22\03-01-07-02-01-01-22.wav,07,Disgust,Strong,Kids are talking by the door,1,22,Female
03-01-07-02-01-02-22.wav,..\data\raw\RAVDESS\Actor_22\03-01-07-02-01-02-22.wav,07,Disgust,Strong,Kids are talking by the door,2,22,Female
03-01-07-02-02-01-22.wav,..\data\raw\RAVDESS\Actor_22\03-01-07-02-02-01-22.wav,07,Disgust,Strong,Dogs are sitting by the door,1,22,Female
03-01-07-02-02-02-22.wav,..\data\raw\RAVDESS\Actor_22\03-01-07-02-02-02-22.wav,07,Disgust,Strong,Dogs are sitting by the door,2,22,Female
03-01-08-01-01-01-22.wav,..\data\raw\RAVDESS\Actor_22\03-01-08-01-01-01-22.wav,08,Surprised,Normal,Kids are talking by the door,1,22,Female
03-01-08-01-01-02-22.wav,..\data\raw\RAVDESS\Actor_22\03-01-08-01-01-02-22.wav,08,Surprised,Normal,Kids are talking by the door,2,22,Female
03-01-08-01-02-01-22.wav,..\data\raw\RAVDESS\Actor_22\03-01-08-01-02-01-22.wav,08,Surprised,Normal,Dogs are sitting by the door,1,22,Female
03-01-08-01-02-02-22.wav,..\data\raw\RAVDESS\Actor_22\03-01-08-01-02-02-22.wav,08,Surprised,Normal,Dogs are sitting by the door,2,22,Female
03-01-08-02-01-01-22.wav,..\data\raw\RAVDESS\Actor_22\03-01-08-02-01-01-22.wav,08,Surprised,Strong,Kids are talking by the door,1,22,Female
03-01-08-02-01-02-22.wav,..\data\raw\RAVDESS\Actor_22\03-01-08-02-01-02-22.wav,08,Surprised,Strong,Kids are talking by the door,2,22,Female
03-01-08-02-02-01-22.wav,..\data\raw\RAVDESS\Actor_22\03-01-08-02-02-01-22.wav,08,Surprised,Strong,Dogs are sitting by the door,1,22,Female
03-01-08-02-02-02-22.wav,..\data\raw\RAVDESS\Actor_22\03-01-08-02-02-02-22.wav,08,Surprised,Strong,Dogs are sitting by the door,2,22,Female
03-01-01-01-01-01-23.wav,..\data\raw\RAVDESS\Actor_23\03-01-01-01-01-01-23.wav,01,Neutral,Normal,Kids are talking by the door,1,23,Male
03-01-01-01-01-02-23.wav,..\data\raw\RAVDESS\Actor_23\03-01-01-01-01-02-23.wav,01,Neutral,Normal,Kids are talking by the door,2,23,Male
03-01-01-01-02-01-23.wav,..\data\raw\RAVDESS\Actor_23\03-01-01-01-02-01-23.wav,01,Neutral,Normal,Dogs are sitting by the door,1,23,Male
03-01-01-01-02-02-23.wav,..\data\raw\RAVDESS\Actor_23\03-01-01-01-02-02-23.wav,01,Neutral,Normal,Dogs are sitting by the door,2,23,Male
03-01-02-01-01-01-23.wav,..\data\raw\RAVDESS\Actor_23\03-01-02-01-01-01-23.wav,02,Calm,Normal,Kids are talking by the door,1,23,Male
03-01-02-01-01-02-23.wav,..\data\raw\RAVDESS\Actor_23\03-01-02-01-01-02-23.wav,02,Calm,Normal,Kids are talking by the door,2,23,Male
03-01-02-01-02-01-23.wav,..\data\raw\RAVDESS\Actor_23\03-01-02-01-02-01-23.wav,02,Calm,Normal,Dogs are sitting by the door,1,23,Male
03-01-02-01-02-02-23.wav,..\data\raw\RAVDESS\Actor_23\03-01-02-01-02-02-23.wav,02,Calm,Normal,Dogs are sitting by the door,2,23,Male
03-01-02-02-01-01-23.wav,..\data\raw\RAVDESS\Actor_23\03-01-02-02-01-01-23.wav,02,Calm,Strong,Kids are talking by the door,1,23,Male
03-01-02-02-01-02-23.wav,..\data\raw\RAVDESS\Actor_23\03-01-02-02-01-02-23.wav,02,Calm,Strong,Kids are talking by the door,2,23,Male
03-01-02-02-02-01-23.wav,..\data\raw\RAVDESS\Actor_23\03-01-02-02-02-01-23.wav,02,Calm,Strong,Dogs are sitting by the door,1,23,Male
03-01-02-02-02-02-23.wav,..\data\raw\RAVDESS\Actor_23\03-01-02-02-02-02-23.wav,02,Calm,Strong,Dogs are sitting by the door,2,23,Male
03-01-03-01-01-01-23.wav,..\data\raw\RAVDESS\Actor_23\03-01-03-01-01-01-23.wav,03,Happy,Normal,Kids are talking by the door,1,23,Male
03-01-03-01-01-02-23.wav,..\data\raw\RAVDESS\Actor_23\03-01-03-01-01-02-23.wav,03,Happy,Normal,Kids are talking by the door,2,23,Male
03-01-03-01-02-01-23.wav,..\data\raw\RAVDESS\Actor_23\03-01-03-01-02-01-23.wav,03,Happy,Normal,Dogs are sitting by the door,1,23,Male
03-01-03-01-02-02-23.wav,..\data\raw\RAVDESS\Actor_23\03-01-03-01-02-02-23.wav,03,Happy,Normal,Dogs are sitting by the door,2,23,Male
03-01-03-02-01-01-23.wav,..\data\raw\RAVDESS\Actor_23\03-01-03-02-01-01-23.wav,03,Happy,Strong,Kids are talking by the door,1,23,Male
03-01-03-02-01-02-23.wav,..\data\raw\RAVDESS\Actor_23\03-01-03-02-01-02-23.wav,03,Happy,Strong,Kids are talking by the door,2,23,Male
03-01-03-02-02-01-23.wav,..\data\raw\RAVDESS\Actor_23\03-01-03-02-02-01-23.wav,03,Happy,Strong,Dogs are sitting by the door,1,23,Male
03-01-03-02-02-02-23.wav,..\data\raw\RAVDESS\Actor_23\03-01-03-02-02-02-23.wav,03,Happy,Strong,Dogs are sitting by the door,2,23,Male
03-01-04-01-01-01-23.wav,..\data\raw\RAVDESS\Actor_23\03-01-04-01-01-01-23.wav,04,Sad,Normal,Kids are talking by the door,1,23,Male
03-01-04-01-01-02-23.wav,..\data\raw\RAVDESS\Actor_23\03-01-04-01-01-02-23.wav,04,Sad,Normal,Kids are talking by the door,2,23,Male
03-01-04-01-02-01-23.wav,..\data\raw\RAVDESS\Actor_23\03-01-04-01-02-01-23.wav,04,Sad,Normal,Dogs are sitting by the door,1,23,Male
03-01-04-01-02-02-23.wav,..\data\raw\RAVDESS\Actor_23\03-01-04-01-02-02-23.wav,04,Sad,Normal,Dogs are sitting by the door,2,23,Male
03-01-04-02-01-01-23.wav,..\data\raw\RAVDESS\Actor_23\03-01-04-02-01-01-23.wav,04,Sad,Strong,Kids are talking by the door,1,23,Male
03-01-04-02-01-02-23.wav,..\data\raw\RAVDESS\Actor_23\03-01-04-02-01-02-23.wav,04,Sad,Strong,Kids are talking by the door,2,23,Male
03-01-04-02-02-01-23.wav,..\data\raw\RAVDESS\Actor_23\03-01-04-02-02-01-23.wav,04,Sad,Strong,Dogs are sitting by the door,1,23,Male
03-01-04-02-02-02-23.wav,..\data\raw\RAVDESS\Actor_23\03-01-04-02-02-02-23.wav,04,Sad,Strong,Dogs are sitting by the door,2,23,Male
03-01-05-01-01-01-23.wav,..\data\raw\RAVDESS\Actor_23\03-01-05-01-01-01-23.wav,05,Angry,Normal,Kids are talking by the door,1,23,Male
03-01-05-01-01-02-23.wav,..\data\raw\RAVDESS\Actor_23\03-01-05-01-01-02-23.wav,05,Angry,Normal,Kids are talking by the door,2,23,Male
03-01-05-01-02-01-23.wav,..\data\raw\RAVDESS\Actor_23\03-01-05-01-02-01-23.wav,05,Angry,Normal,Dogs are sitting by the door,1,23,Male
03-01-05-01-02-02-23.wav,..\data\raw\RAVDESS\Actor_23\03-01-05-01-02-02-23.wav,05,Angry,Normal,Dogs are sitting by the door,2,23,Male
03-01-05-02-01-01-23.wav,..\data\raw\RAVDESS\Actor_23\03-01-05-02-01-01-23.wav,05,Angry,Strong,Kids are talking by the door,1,23,Male
03-01-05-02-01-02-23.wav,..\data\raw\RAVDESS\Actor_23\03-01-05-02-01-02-23.wav,05,Angry,Strong,Kids are talking by the door,2,23,Male
03-01-05-02-02-01-23.wav,..\data\raw\RAVDESS\Actor_23\03-01-05-02-02-01-23.wav,05,Angry,Strong,Dogs are sitting by the door,1,23,Male
03-01-05-02-02-02-23.wav,..\data\raw\RAVDESS\Actor_23\03-01-05-02-02-02-23.wav,05,Angry,Strong,Dogs are sitting by the door,2,23,Male
03-01-06-01-01-01-23.wav,..\data\raw\RAVDESS\Actor_23\03-01-06-01-01-01-23.wav,06,Fearful,Normal,Kids are talking by the door,1,23,Male
03-01-06-01-01-02-23.wav,..\data\raw\RAVDESS\Actor_23\03-01-06-01-01-02-23.wav,06,Fearful,Normal,Kids are talking by the door,2,23,Male
03-01-06-01-02-01-23.wav,..\data\raw\RAVDESS\Actor_23\03-01-06-01-02-01-23.wav,06,Fearful,Normal,Dogs are sitting by the door,1,23,Male
03-01-06-01-02-02-23.wav,..\data\raw\RAVDESS\Actor_23\03-01-06-01-02-02-23.wav,06,Fearful,Normal,Dogs are sitting by the door,2,23,Male
03-01-06-02-01-01-23.wav,..\data\raw\RAVDESS\Actor_23\03-01-06-02-01-01-23.wav,06,Fearful,Strong,Kids are talking by the door,1,23,Male
03-01-06-02-01-02-23.wav,..\data\raw\RAVDESS\Actor_23\03-01-06-02-01-02-23.wav,06,Fearful,Strong,Kids are talking by the door,2,23,Male
03-01-06-02-02-01-23.wav,..\data\raw\RAVDESS\Actor_23\03-01-06-02-02-01-23.wav,06,Fearful,Strong,Dogs are sitting by the door,1,23,Male
03-01-06-02-02-02-23.wav,..\data\raw\RAVDESS\Actor_23\03-01-06-02-02-02-23.wav,06,Fearful,Strong,Dogs are sitting by the door,2,23,Male
03-01-07-01-01-01-23.wav,..\data\raw\RAVDESS\Actor_23\03-01-07-01-01-01-23.wav,07,Disgust,Normal,Kids are talking by the door,1,23,Male
03-01-07-01-01-02-23.wav,..\data\raw\RAVDESS\Actor_23\03-01-07-01-01-02-23.wav,07,Disgust,Normal,Kids are talking by the door,2,23,Male
03-01-07-01-02-01-23.wav,..\data\raw\RAVDESS\Actor_23\03-01-07-01-02-01-23.wav,07,Disgust,Normal,Dogs are sitting by the door,1,23,Male
03-01-07-01-02-02-23.wav,..\data\raw\RAVDESS\Actor_23\03-01-07-01-02-02-23.wav,07,Disgust,Normal,Dogs are sitting by the door,2,23,Male
03-01-07-02-01-01-23.wav,..\data\raw\RAVDESS\Actor_23\03-01-07-02-01-01-23.wav,07,Disgust,Strong,Kids are talking by the door,1,23,Male
03-01-07-02-01-02-23.wav,..\data\raw\RAVDESS\Actor_23\03-01-07-02-01-02-23.wav,07,Disgust,Strong,Kids are talking by the door,2,23,Male
03-01-07-02-02-01-23.wav,..\data\raw\RAVDESS\Actor_23\03-01-07-02-02-01-23.wav,07,Disgust,Strong,Dogs are sitting by the door,1,23,Male
03-01-07-02-02-02-23.wav,..\data\raw\RAVDESS\Actor_23\03-01-07-02-02-02-23.wav,07,Disgust,Strong,Dogs are sitting by the door,2,23,Male
03-01-08-01-01-01-23.wav,..\data\raw\RAVDESS\Actor_23\03-01-08-01-01-01-23.wav,08,Surprised,Normal,Kids are talking by the door,1,23,Male
03-01-08-01-01-02-23.wav,..\data\raw\RAVDESS\Actor_23\03-01-08-01-01-02-23.wav,08,Surprised,Normal,Kids are talking by the door,2,23,Male
03-01-08-01-02-01-23.wav,..\data\raw\RAVDESS\Actor_23\03-01-08-01-02-01-23.wav,08,Surprised,Normal,Dogs are sitting by the door,1,23,Male
03-01-08-01-02-02-23.wav,..\data\raw\RAVDESS\Actor_23\03-01-08-01-02-02-23.wav,08,Surprised,Normal,Dogs are sitting by the door,2,23,Male
03-01-08-02-01-01-23.wav,..\data\raw\RAVDESS\Actor_23\03-01-08-02-01-01-23.wav,08,Surprised,Strong,Kids are talking by the door,1,23,Male
03-01-08-02-01-02-23.wav,..\data\raw\RAVDESS\Actor_23\03-01-08-02-01-02-23.wav,08,Surprised,Strong,Kids are talking by the door,2,23,Male
03-01-08-02-02-01-23.wav,..\data\raw\RAVDESS\Actor_23\03-01-08-02-02-01-23.wav,08,Surprised,Strong,Dogs are sitting by the door,1,23,Male
03-01-08-02-02-02-23.wav,..\data\raw\RAVDESS\Actor_23\03-01-08-02-02-02-23.wav,08,Surprised,Strong,Dogs are sitting by the door,2,23,Male
03-01-01-01-01-01-24.wav,..\data\raw\RAVDESS\Actor_24\03-01-01-01-01-01-24.wav,01,Neutral,Normal,Kids are talking by the door,1,24,Female
03-01-01-01-01-02-24.wav,..\data\raw\RAVDESS\Actor_24\03-01-01-01-01-02-24.wav,01,Neutral,Normal,Kids are talking by the door,2,24,Female
03-01-01-01-02-01-24.wav,..\data\raw\RAVDESS\Actor_24\03-01-01-01-02-01-24.wav,01,Neutral,Normal,Dogs are sitting by the door,1,24,Female
03-01-01-01-02-02-24.wav,..\data\raw\RAVDESS\Actor_24\03-01-01-01-02-02-24.wav,01,Neutral,Normal,Dogs are sitting by the door,2,24,Female
03-01-02-01-01-01-24.wav,..\data\raw\RAVDESS\Actor_24\03-01-02-01-01-01-24.wav,02,Calm,Normal,Kids are talking by the door,1,24,Female
03-01-02-01-01-02-24.wav,..\data\raw\RAVDESS\Actor_24\03-01-02-01-01-02-24.wav,02,Calm,Normal,Kids are talking by the door,2,24,Female
03-01-02-01-02-01-24.wav,..\data\raw\RAVDESS\Actor_24\03-01-02-01-02-01-24.wav,02,Calm,Normal,Dogs are sitting by the door,1,24,Female
03-01-02-01-02-02-24.wav,..\data\raw\RAVDESS\Actor_24\03-01-02-01-02-02-24.wav,02,Calm,Normal,Dogs are sitting by the door,2,24,Female
03-01-02-02-01-01-24.wav,..\data\raw\RAVDESS\Actor_24\03-01-02-02-01-01-24.wav,02,Calm,Strong,Kids are talking by the door,1,24,Female
03-01-02-02-01-02-24.wav,..\data\raw\RAVDESS\Actor_24\03-01-02-02-01-02-24.wav,02,Calm,Strong,Kids are talking by the door,2,24,Female
03-01-02-02-02-01-24.wav,..\data\raw\RAVDESS\Actor_24\03-01-02-02-02-01-24.wav,02,Calm,Strong,Dogs are sitting by the door,1,24,Female
03-01-02-02-02-02-24.wav,..\data\raw\RAVDESS\Actor_24\03-01-02-02-02-02-24.wav,02,Calm,Strong,Dogs are sitting by the door,2,24,Female
03-01-03-01-01-01-24.wav,..\data\raw\RAVDESS\Actor_24\03-01-03-01-01-01-24.wav,03,Happy,Normal,Kids are talking by the door,1,24,Female
03-01-03-01-01-02-24.wav,..\data\raw\RAVDESS\Actor_24\03-01-03-01-01-02-24.wav,03,Happy,Normal,Kids are talking by the door,2,24,Female
03-01-03-01-02-01-24.wav,..\data\raw\RAVDESS\Actor_24\03-01-03-01-02-01-24.wav,03,Happy,Normal,Dogs are sitting by the door,1,24,Female
03-01-03-01-02-02-24.wav,..\data\raw\RAVDESS\Actor_24\03-01-03-01-02-02-24.wav,03,Happy,Normal,Dogs are sitting by the door,2,24,Female
03-01-03-02-01-01-24.wav,..\data\raw\RAVDESS\Actor_24\03-01-03-02-01-01-24.wav,03,Happy,Strong,Kids are talking by the door,1,24,Female
03-01-03-02-01-02-24.wav,..\data\raw\RAVDESS\Actor_24\03-01-03-02-01-02-24.wav,03,Happy,Strong,Kids are talking by the door,2,24,Female
03-01-03-02-02-01-24.wav,..\data\raw\RAVDESS\Actor_24\03-01-03-02-02-01-24.wav,03,Happy,Strong,Dogs are sitting by the door,1,24,Female
03-01-03-02-02-02-24.wav,..\data\raw\RAVDESS\Actor_24\03-01-03-02-02-02-24.wav,03,Happy,Strong,Dogs are sitting by the door,2,24,Female
03-01-04-01-01-01-24.wav,..\data\raw\RAVDESS\Actor_24\03-01-04-01-01-01-24.wav,04,Sad,Normal,Kids are talking by the door,1,24,Female
03-01-04-01-01-02-24.wav,..\data\raw\RAVDESS\Actor_24\03-01-04-01-01-02-24.wav,04,Sad,Normal,Kids are talking by the door,2,24,Female
03-01-04-01-02-01-24.wav,..\data\raw\RAVDESS\Actor_24\03-01-04-01-02-01-24.wav,04,Sad,Normal,Dogs are sitting by the door,1,24,Female
03-01-04-01-02-02-24.wav,..\data\raw\RAVDESS\Actor_24\03-01-04-01-02-02-24.wav,04,Sad,Normal,Dogs are sitting by the door,2,24,Female
03-01-04-02-01-01-24.wav,..\data\raw\RAVDESS\Actor_24\03-01-04-02-01-01-24.wav,04,Sad,Strong,Kids are talking by the door,1,24,Female
03-01-04-02-01-02-24.wav,..\data\raw\RAVDESS\Actor_24\03-01-04-02-01-02-24.wav,04,Sad,Strong,Kids are talking by the door,2,24,Female
03-01-04-02-02-01-24.wav,..\data\raw\RAVDESS\Actor_24\03-01-04-02-02-01-24.wav,04,Sad,Strong,Dogs are sitting by the door,1,24,Female
03-01-04-02-02-02-24.wav,..\data\raw\RAVDESS\Actor_24\03-01-04-02-02-02-24.wav,04,Sad,Strong,Dogs are sitting by the door,2,24,Female
03-01-05-01-01-01-24.wav,..\data\raw\RAVDESS\Actor_24\03-01-05-01-01-01-24.wav,05,Angry,Normal,Kids are talking by the door,1,24,Female
03-01-05-01-01-02-24.wav,..\data\raw\RAVDESS\Actor_24\03-01-05-01-01-02-24.wav,05,Angry,Normal,Kids are talking by the door,2,24,Female
03-01-05-01-02-01-24.wav,..\data\raw\RAVDESS\Actor_24\03-01-05-01-02-01-24.wav,05,Angry,Normal,Dogs are sitting by the door,1,24,Female
03-01-05-01-02-02-24.wav,..\data\raw\RAVDESS\Actor_24\03-01-05-01-02-02-24.wav,05,Angry,Normal,Dogs are sitting by the door,2,24,Female
03-01-05-02-01-01-24.wav,..\data\raw\RAVDESS\Actor_24\03-01-05-02-01-01-24.wav,05,Angry,Strong,Kids are talking by the door,1,24,Female
03-01-05-02-01-02-24.wav,..\data\raw\RAVDESS\Actor_24\03-01-05-02-01-02-24.wav,05,Angry,Strong,Kids are talking by the door,2,24,Female
03-01-05-02-02-01-24.wav,..\data\raw\RAVDESS\Actor_24\03-01-05-02-02-01-24.wav,05,Angry,Strong,Dogs are sitting by the door,1,24,Female
03-01-05-02-02-02-24.wav,..\data\raw\RAVDESS\Actor_24\03-01-05-02-02-02-24.wav,05,Angry,Strong,Dogs are sitting by the door,2,24,Female
03-01-06-01-01-01-24.wav,..\data\raw\RAVDESS\Actor_24\03-01-06-01-01-01-24.wav,06,Fearful,Normal,Kids are talking by the door,1,24,Female
03-01-06-01-01-02-24.wav,..\data\raw\RAVDESS\Actor_24\03-01-06-01-01-02-24.wav,06,Fearful,Normal,Kids are talking by the door,2,24,Female
03-01-06-01-02-01-24.wav,..\data\raw\RAVDESS\Actor_24\03-01-06-01-02-01-24.wav,06,Fearful,Normal,Dogs are sitting by the door,1,24,Female
03-01-06-01-02-02-24.wav,..\data\raw\RAVDESS\Actor_24\03-01-06-01-02-02-24.wav,06,Fearful,Normal,Dogs are sitting by the door,2,24,Female
03-01-06-02-01-01-24.wav,..\data\raw\RAVDESS\Actor_24\03-01-06-02-01-01-24.wav,06,Fearful,Strong,Kids are talking by the door,1,24,Female
03-01-06-02-01-02-24.wav,..\data\raw\RAVDESS\Actor_24\03-01-06-02-01-02-24.wav,06,Fearful,Strong,Kids are talking by the door,2,24,Female
03-01-06-02-02-01-24.wav,..\data\raw\RAVDESS\Actor_24\03-01-06-02-02-01-24.wav,06,Fearful,Strong,Dogs are sitting by the door,1,24,Female
03-01-06-02-02-02-24.wav,..\data\raw\RAVDESS\Actor_24\03-01-06-02-02-02-24.wav,06,Fearful,Strong,Dogs are sitting by the door,2,24,Female
03-01-07-01-01-01-24.wav,..\data\raw\RAVDESS\Actor_24\03-01-07-01-01-01-24.wav,07,Disgust,Normal,Kids are talking by the door,1,24,Female
03-01-07-01-01-02-24.wav,..\data\raw\RAVDESS\Actor_24\03-01-07-01-01-02-24.wav,07,Disgust,Normal,Kids are talking by the door,2,24,Female
03-01-07-01-02-01-24.wav,..\data\raw\RAVDESS\Actor_24\03-01-07-01-02-01-24.wav,07,Disgust,Normal,Dogs are sitting by the door,1,24,Female
03-01-07-01-02-02-24.wav,..\data\raw\RAVDESS\Actor_24\03-01-07-01-02-02-24.wav,07,Disgust,Normal,Dogs are sitting by the door,2,24,Female
03-01-07-02-01-01-24.wav,..\data\raw\RAVDESS\Actor_24\03-01-07-02-01-01-24.wav,07,Disgust,Strong,Kids are talking by the door,1,24,Female
03-01-07-02-01-02-24.wav,..\data\raw\RAVDESS\Actor_24\03-01-07-02-01-02-24.wav,07,Disgust,Strong,Kids are talking by the door,2,24,Female
03-01-07-02-02-01-24.wav,..\data\raw\RAVDESS\Actor_24\03-01-07-02-02-01-24.wav,07,Disgust,Strong,Dogs are sitting by the door,1,24,Female
03-01-07-02-02-02-24.wav,..\data\raw\RAVDESS\Actor_24\03-01-07-02-02-02-24.wav,07,Disgust,Strong,Dogs are sitting by the door,2,24,Female
03-01-08-01-01-01-24.wav,..\data\raw\RAVDESS\Actor_24\03-01-08-01-01-01-24.wav,08,Surprised,Normal,Kids are talking by the door,1,24,Female
03-01-08-01-01-02-24.wav,..\data\raw\RAVDESS\Actor_24\03-01-08-01-01-02-24.wav,08,Surprised,Normal,Kids are talking by the door,2,24,Female
03-01-08-01-02-01-24.wav,..\data\raw\RAVDESS\Actor_24\03-01-08-01-02-01-24.wav,08,Surprised,Normal,Dogs are sitting by the door,1,24,Female
03-01-08-01-02-02-24.wav,..\data\raw\RAVDESS\Actor_24\03-01-08-01-02-02-24.wav,08,Surprised,Normal,Dogs are sitting by the door,2,24,Female
03-01-08-02-01-01-24.wav,..\data\raw\RAVDESS\Actor_24\03-01-08-02-01-01-24.wav,08,Surprised,Strong,Kids are talking by the door,1,24,Female
03-01-08-02-01-02-24.wav,..\data\raw\RAVDESS\Actor_24\03-01-08-02-01-02-24.wav,08,Surprised,Strong,Kids are talking by the door,2,24,Female
03-01-08-02-02-01-24.wav,..\data\raw\RAVDESS\Actor_24\03-01-08-02-02-01-24.wav,08,Surprised,Strong,Dogs are sitting by the door,1,24,Female
03-01-08-02-02-02-24.wav,..\data\raw\RAVDESS\Actor_24\03-01-08-02-02-02-24.wav,08,Surprised,Strong,Dogs are sitting by the door,2,24,Female
